<?xml version="1.0" encoding="UTF-8"?>
<!DOCTYPE mapper PUBLIC "-//mybatis.org//DTD Mapper 3.0//EN" "http://mybatis.org/dtd/mybatis-3-mapper.dtd">
<mapper namespace="SystemUser">

    <select id="selectUserList" parameterType="string" resultType="com.koreanair.ksms.system.dto.TbSysUserDto">
        select a.*
        , c.code_name_kor as "rank_nm_kor"
        , c.code_name_eng as "rank_nm_eng"
        , d.name_kor as "dept_nm_kor"
        , d.name_eng as "dept_nm_eng"
        from tb_sys_user a
        left outer join tb_sys_code c on c.code_grp_id = 'RANK_CD' and c.code_id = a.rank_cd
        left outer join tb_sys_dept d on d.dept_cd = a.dept_cd
        <where>
            <if test = "searchWord != null and searchWord != ''">
                (
                a.user_id like '%'||#{searchWord}||'%' or
                a.emp_no like '%'||#{searchWord}||'%' or
                a.name_kor like '%'||#{searchWord}||'%' or
                a.name_eng like '%'||#{searchWord}||'%'
                )
            </if>
        </where>
        order by a.name_kor
    </select>

    <select id="selectUser" parameterType="string" resultType="com.koreanair.ksms.system.dto.TbSysUserDto">
        select user_id
             , emp_no
             , name_kor
             , name_eng
             , name_chn
             , name_jpn
             , name_etc
             , email
             , status_cd
             , dept_cd
             , dpt.dept_id
             , pstn_cd
             , duty_cd
             , rank_cd
             , photo
             , sort_order
             , office_tel_no
             , mobile_tel_no
             , comp_cd
             , sub_emp_no
             , sub_comp_cd
             , sub_email
             , emp_type
             , dspt_yn
             , job_cd
             , barea_cd
             , eai_yn
             , class_cd
             , class_name
             , post_dept_cd
          from tb_sys_user usr
        LEFT OUTER JOIN v_user_post vup
          on vup.user_id = usr.user_id::numeric
         AND vup.dept_id = usr.DEPT_ID AND vup.main_yn ='Y'
       where user_id = #{user_id}
    </select>
</mapper>
