<shapes name="mxGraph.aws.database">
<shape name="ElastiCache" h="56.81" w="55.7" aspect="variable" strokewidth="inherit">
<connections>
<constraint x="0.5" y="0" perimeter="0" name="N"/>
<constraint x="0.5" y="1" perimeter="0" name="S"/>
<constraint x="0" y="0.5" perimeter="0" name="W"/>
<constraint x="1" y="0.5" perimeter="0" name="E"/>
<constraint x="0.025" y="0.025" perimeter="0" name="NW"/>
<constraint x="0.025" y="0.975" perimeter="0" name="SW"/>
<constraint x="0.975" y="0.025" perimeter="0" name="NE"/>
<constraint x="0.975" y="0.975" perimeter="0" name="SE"/>
</connections>
<background>
<path>
<move x="0" y="51.81"/>
<curve x1="0" y1="54.57" x2="2.24" y2="56.81" x3="5" y3="56.81"/>
<line x="50.7" y="56.81"/>
<curve x1="53.46" y1="56.81" x2="55.7" y2="54.57" x3="55.7" y3="51.81"/>
<line x="55.7" y="5"/>
<curve x1="55.7" y1="2.24" x2="53.46" y2="0" x3="50.7" y3="0"/>
<line x="5" y="0"/>
<curve x1="2.24" y1="0" x2="0" y2="2.24" x3="0" y3="5"/>
<line x="0" y="51.81"/>
<close/>
</path>
</background>
<foreground>
<fillstroke/>

<fillcolor color="#FFFFFF"/>
<path>
<move x="14.94" y="14.84"/>
<line x="14.94" y="15.09"/>
<curve x1="14.94" y1="17.22" x2="14.08" y2="19.3" x3="11.31" y3="19.3"/>
<curve x1="8.34" y1="19.3" x2="7.41" y2="17.38" x3="7.41" y3="13.17"/>
<curve x1="7.41" y1="8.96" x2="8.34" y2="7.05" x3="11.33" y3="7.05"/>
<curve x1="14.68" y1="7.05" x2="14.88" y2="9.52" x3="14.88" y3="10.74"/>
<line x="14.88" y="10.96"/>
<line x="12.99" y="10.96"/>
<line x="12.99" y="10.76"/>
<curve x1="12.99" y1="9.67" x2="12.66" y2="8.42" x3="11.31" y3="8.46"/>
<curve x1="9.92" y1="8.46" x2="9.29" y2="9.32" x3="9.29" y3="13.12"/>
<curve x1="9.29" y1="16.92" x2="9.92" y2="17.88" x3="11.31" y3="17.88"/>
<curve x1="12.88" y1="17.88" x2="13.06" y2="16.13" x3="13.06" y3="15.04"/>
<line x="13.06" y="14.84"/>
<line x="14.94" y="14.84"/>
<close/>
</path>
<fillstroke/>
<path>
<move x="18.49" y="7.28"/>
<line x="20.9" y="7.28"/>
<line x="24" y="19.06"/>
<line x="22.04" y="19.06"/>
<line x="21.31" y="16.17"/>
<line x="17.86" y="16.17"/>
<line x="17.1" y="19.06"/>
<line x="15.14" y="19.06"/>
<line x="18.49" y="7.28"/>
<close/>
<move x="21" y="14.67"/>
<line x="19.64" y="8.86"/>
<line x="19.61" y="8.86"/>
<line x="18.21" y="14.67"/>
<line x="21" y="14.67"/>
<close/>
</path>
<fillstroke/>
<path>
<move x="32.07" y="14.84"/>
<line x="32.07" y="15.09"/>
<curve x1="32.07" y1="17.22" x2="31.22" y2="19.3" x3="28.44" y3="19.3"/>
<curve x1="25.47" y1="19.3" x2="24.55" y2="17.38" x3="24.55" y3="13.17"/>
<curve x1="24.55" y1="8.96" x2="25.47" y2="7.05" x3="28.46" y3="7.05"/>
<curve x1="31.81" y1="7.05" x2="32.01" y2="9.52" x3="32.01" y3="10.74"/>
<line x="32.01" y="10.96"/>
<line x="30.13" y="10.96"/>
<line x="30.13" y="10.76"/>
<curve x1="30.13" y1="9.67" x2="29.8" y2="8.42" x3="28.44" y3="8.46"/>
<curve x1="27.06" y1="8.46" x2="26.43" y2="9.32" x3="26.43" y3="13.12"/>
<curve x1="26.43" y1="16.92" x2="27.06" y2="17.88" x3="28.44" y3="17.88"/>
<curve x1="30.01" y1="17.88" x2="30.19" y2="16.13" x3="30.19" y3="15.04"/>
<line x="30.19" y="14.84"/>
<line x="32.07" y="14.84"/>
<close/>
</path>
<fillstroke/>
<path>
<move x="33.39" y="7.28"/>
<line x="35.27" y="7.28"/>
<line x="35.27" y="12"/>
<line x="38.74" y="12"/>
<line x="38.74" y="7.28"/>
<line x="40.62" y="7.28"/>
<line x="40.62" y="19.06"/>
<line x="38.74" y="19.06"/>
<line x="38.74" y="13.58"/>
<line x="35.27" y="13.58"/>
<line x="35.27" y="19.06"/>
<line x="33.39" y="19.06"/>
<line x="33.39" y="7.28"/>
<close/>
</path>
<fillstroke/>
<path>
<move x="42.57" y="7.28"/>
<line x="48.94" y="7.28"/>
<line x="48.94" y="8.86"/>
<line x="44.45" y="8.86"/>
<line x="44.45" y="12.13"/>
<line x="48.68" y="12.13"/>
<line x="48.68" y="13.72"/>
<line x="44.45" y="13.72"/>
<line x="44.45" y="17.48"/>
<line x="49.07" y="17.48"/>
<line x="49.07" y="19.06"/>
<line x="42.57" y="19.06"/>
<line x="42.57" y="7.28"/>
<close/>
</path>
<fillstroke/>
</foreground>
</shape>
<shape name="RDS" h="59.76" w="49.39" aspect="variable" strokewidth="inherit">
<connections>
<constraint x="0.5" y="0" perimeter="0" name="N"/>
<constraint x="0.5" y="1" perimeter="0" name="S"/>
<constraint x="0" y="0.5" perimeter="0" name="W"/>
<constraint x="1" y="0.5" perimeter="0" name="E"/>
<constraint x="0" y="0.1" perimeter="0" name="NW"/>
<constraint x="0" y="0.89" perimeter="0" name="SW"/>
<constraint x="1" y="0.1" perimeter="0" name="NE"/>
<constraint x="1" y="0.89" perimeter="0" name="SE"/>
</connections>
<background>
<path>
<move x="49.32" y="9.54"/>
<curve x1="47.93" y1="13.37" x2="38.27" y2="15.66" x3="24.66" y3="15.66"/>
<curve x1="11.05" y1="15.66" x2="1.74" y2="13.04" x3="0" y3="9.32"/>
<line x="0.02" y="9.29"/>
<line x="0.04" y="52.45"/>
<line x="0.01" y="52.48"/>
<curve x1="0.01" y1="56.5" x2="11.05" y2="59.76" x3="24.66" y3="59.76"/>
<curve x1="38.27" y1="59.76" x2="49.31" y2="56.5" x3="49.31" y3="52.48"/>
<line x="49.31" y="52.48"/>
<line x="49.34" y="52.45"/>
<line x="49.35" y="9.51"/>
<line x="49.32" y="9.54"/>
<close/>
</path>
</background>
<foreground>
<fillstroke/>
<path>
<move x="49.39" y="6.37"/>
<curve x1="49.39" y1="2.85" x2="38.36" y2="0" x3="24.74" y3="0"/>
<curve x1="11.13" y1="0" x2="0.1" y2="2.85" x3="0.1" y3="6.37"/>
<curve x1="0.1" y1="9.89" x2="11.13" y2="12.74" x3="24.74" y3="12.74"/>
<curve x1="38.36" y1="12.74" x2="49.39" y2="9.88" x3="49.39" y3="6.37"/>
<line x="49.39" y="6.37"/>
<close/>
</path>
<fillstroke/>
</foreground>
</shape>
<shape name="RDS DB Instance" h="57.96" w="61.77" aspect="variable" strokewidth="inherit">
<connections>
<constraint x="0.5" y="0" perimeter="0" name="N"/>
<constraint x="0.5" y="0.98" perimeter="0" name="S"/>
<constraint x="0" y="0.5" perimeter="0" name="W"/>
<constraint x="0.9" y="0.5" perimeter="0" name="E"/>
<constraint x="0.023" y="0.023" perimeter="0" name="NW"/>
<constraint x="0.023" y="0.95" perimeter="0" name="SW"/>
<constraint x="0.88" y="0.023" perimeter="0" name="NE"/>
<constraint x="1" y="0.95" perimeter="0" name="SE"/>
</connections>
<background>
<path>
<move x="35.45" y="33.49"/>
<curve x1="35.44" y1="33.41" x2="35.43" y2="33.34" x3="35.43" y3="33.26"/>
<curve x1="35.43" y1="33.13" x2="35.46" y2="33.01" x3="35.49" y3="32.89"/>
<curve x1="36.07" y1="30.25" x2="42.69" y2="28.87" x3="49.25" y3="28.87"/>
<curve x1="51.47" y1="28.87" x2="53.7" y2="29.04" x3="55.7" y3="29.35"/>
<line x="55.7" y="5"/>
<curve x1="55.7" y1="2.24" x2="53.46" y2="0" x3="50.7" y3="0"/>
<line x="5" y="0"/>
<curve x1="2.24" y1="0" x2="0" y2="2.24" x3="0" y3="5"/>
<line x="0" y="51.81"/>
<curve x1="0" y1="54.57" x2="2.24" y2="56.81" x3="5" y3="56.81"/>
<line x="36.22" y="56.75"/>
<curve x1="35.71" y1="56.23" x2="35.43" y2="55.66" x3="35.43" y3="55.08"/>
<line x="35.45" y="33.49"/>
<close/>
</path>
</background>
<foreground>
<fillstroke/>
<path>
<move x="55.7" y="37.18"/>
<line x="55.7" y="37.17"/>
<curve x1="55.35" y1="37.23" x2="55.01" y2="37.27" x3="54.67" y3="37.32"/>
<curve x1="54.49" y1="37.34" x2="54.32" y2="37.37" x3="54.14" y3="37.39"/>
<curve x1="53.82" y1="37.43" x2="53.49" y2="37.45" x3="53.17" y3="37.48"/>
<curve x1="52.96" y1="37.5" x2="52.75" y2="37.52" x3="52.54" y3="37.53"/>
<curve x1="52.13" y1="37.56" x2="51.71" y2="37.58" x3="51.28" y3="37.6"/>
<curve x1="51.21" y1="37.6" x2="51.14" y2="37.61" x3="51.07" y3="37.61"/>
<curve x1="50.58" y1="37.62" x2="50.08" y2="37.64" x3="49.56" y3="37.64"/>
<curve x1="49.46" y1="37.64" x2="49.35" y2="37.64" x3="49.25" y3="37.64"/>
<curve x1="44.32" y1="37.64" x2="39.36" y2="36.86" x3="36.95" y3="35.36"/>
<line x="36.95" y="55.17"/>
<curve x1="37.08" y1="55.63" x2="38.25" y2="56.23" x3="39.89" y3="56.76"/>
<curve x1="42.11" y1="57.42" x2="45.53" y2="57.96" x3="50.05" y3="57.96"/>
<curve x1="58.32" y1="57.96" x2="61.75" y2="56.09" x3="61.75" y3="55.09"/>
<line x="61.77" y="35.18"/>
<curve x1="60.48" y1="36.02" x2="58.39" y2="36.73" x3="55.7" y3="37.18"/>
<close/>
</path>
<fillstroke/>
<path>
<move x="49.25" y="30.37"/>
<curve x1="41.28" y1="30.37" x2="36.93" y2="32.28" x3="36.93" y3="33.26"/>
<curve x1="36.93" y1="34.24" x2="41.28" y2="36.15" x3="49.25" y3="36.15"/>
<curve x1="51.78" y1="36.15" x2="53.94" y2="35.95" x3="55.72" y3="35.66"/>
<curve x1="59.53" y1="35.03" x2="61.56" y2="33.93" x3="61.56" y3="33.26"/>
<curve x1="61.56" y1="32.59" x2="59.54" y2="31.49" x3="55.72" y3="30.86"/>
<curve x1="53.94" y1="30.57" x2="51.78" y2="30.37" x3="49.25" y3="30.37"/>
<close/>
</path>
<fillstroke/>

<fillcolor color="#FFFFFF"/>
<path>
<move x="43.51" y="40.99"/>
<line x="47.46" y="40.99"/>
<line x="49.34" y="50.28"/>
<line x="49.38" y="50.28"/>
<line x="51.28" y="40.99"/>
<line x="55.21" y="40.99"/>
<line x="55.21" y="54.16"/>
<line x="52.77" y="54.16"/>
<line x="52.77" y="43.64"/>
<line x="52.73" y="43.64"/>
<line x="50.39" y="54.16"/>
<line x="48.32" y="54.16"/>
<line x="45.98" y="43.64"/>
<line x="45.95" y="43.64"/>
<line x="45.95" y="54.16"/>
<line x="43.51" y="54.16"/>
<line x="43.51" y="40.99"/>
<close/>
</path>
<fillstroke/>
</foreground>
</shape>
<shape name="RDS DB Instance Read Replica" h="57.96" w="61.77" aspect="variable" strokewidth="inherit">
<connections>
<constraint x="0.5" y="0" perimeter="0" name="N"/>
<constraint x="0.5" y="0.98" perimeter="0" name="S"/>
<constraint x="0" y="0.5" perimeter="0" name="W"/>
<constraint x="0.9" y="0.5" perimeter="0" name="E"/>
<constraint x="0.023" y="0.023" perimeter="0" name="NW"/>
<constraint x="0.023" y="0.95" perimeter="0" name="SW"/>
<constraint x="0.88" y="0.023" perimeter="0" name="NE"/>
<constraint x="1" y="0.95" perimeter="0" name="SE"/>
</connections>
<background>
<path>
<move x="35.45" y="33.49"/>
<curve x1="35.43" y1="33.41" x2="35.43" y2="33.34" x3="35.43" y3="33.26"/>
<curve x1="35.43" y1="33.13" x2="35.46" y2="33.01" x3="35.49" y3="32.89"/>
<curve x1="36.07" y1="30.25" x2="42.69" y2="28.87" x3="49.25" y3="28.87"/>
<curve x1="51.47" y1="28.87" x2="53.7" y2="29.04" x3="55.7" y3="29.35"/>
<line x="55.7" y="5"/>
<curve x1="55.7" y1="2.24" x2="53.46" y2="0" x3="50.7" y3="0"/>
<line x="5" y="0"/>
<curve x1="2.24" y1="0" x2="0" y2="2.24" x3="0" y3="5"/>
<line x="0" y="51.81"/>
<curve x1="0" y1="54.57" x2="2.24" y2="56.81" x3="5" y3="56.81"/>
<line x="36.22" y="56.75"/>
<curve x1="35.71" y1="56.23" x2="35.43" y2="55.66" x3="35.43" y3="55.08"/>
<line x="35.45" y="33.49"/>
<close/>
</path>
</background>
<foreground>
<fillstroke/>
<path>
<move x="55.7" y="37.18"/>
<line x="55.7" y="37.17"/>
<curve x1="55.35" y1="37.23" x2="55.01" y2="37.27" x3="54.66" y3="37.32"/>
<curve x1="54.49" y1="37.34" x2="54.32" y2="37.37" x3="54.14" y3="37.39"/>
<curve x1="53.82" y1="37.43" x2="53.49" y2="37.45" x3="53.17" y3="37.48"/>
<curve x1="52.96" y1="37.5" x2="52.75" y2="37.52" x3="52.54" y3="37.53"/>
<curve x1="52.13" y1="37.56" x2="51.71" y2="37.58" x3="51.28" y3="37.6"/>
<curve x1="51.21" y1="37.6" x2="51.14" y2="37.61" x3="51.07" y3="37.61"/>
<curve x1="50.58" y1="37.62" x2="50.08" y2="37.64" x3="49.56" y3="37.64"/>
<curve x1="49.46" y1="37.64" x2="49.35" y2="37.64" x3="49.25" y3="37.64"/>
<curve x1="44.32" y1="37.64" x2="39.36" y2="36.86" x3="36.95" y3="35.36"/>
<line x="36.95" y="55.17"/>
<curve x1="37.08" y1="55.63" x2="38.25" y2="56.23" x3="39.89" y3="56.76"/>
<curve x1="42.11" y1="57.42" x2="45.53" y2="57.96" x3="50.05" y3="57.96"/>
<curve x1="58.32" y1="57.96" x2="61.75" y2="56.09" x3="61.75" y3="55.09"/>
<line x="61.77" y="35.18"/>
<curve x1="60.48" y1="36.02" x2="58.39" y2="36.73" x3="55.7" y3="37.18"/>
<close/>
<move x="45.57" y="40.39"/>
<line x="50.48" y="40.39"/>
<curve x1="52.66" y1="40.39" x2="53.99" y2="41.54" x3="53.99" y3="43.79"/>
<curve x1="53.99" y1="45.54" x2="53.29" y2="46.72" x3="51.79" y3="47.04"/>
<line x="51.79" y="47.07"/>
<curve x1="53.6" y1="47.31" x2="53.88" y2="48.31" x3="53.91" y3="51.1"/>
<curve x1="53.93" y1="52.48" x2="54.01" y2="53.2" x3="54.51" y3="53.46"/>
<line x="54.51" y="53.57"/>
<line x="51.63" y="53.57"/>
<curve x1="51.37" y1="53.2" x2="51.31" y2="52.7" x3="51.29" y3="52.18"/>
<line x="51.22" y="49.66"/>
<curve x1="51.18" y1="48.62" x2="50.72" y2="48" x3="49.65" y3="48"/>
<line x="48.23" y="48"/>
<line x="48.23" y="53.57"/>
<line x="45.58" y="53.57"/>
<line x="45.58" y="40.39"/>
<close/>
</path>
<fillstroke/>
<path>
<move x="51.33" y="44.18"/>
<curve x1="51.33" y1="42.96" x2="50.68" y2="42.35" x3="49.49" y3="42.35"/>
<line x="48.23" y="42.35"/>
<line x="48.23" y="46.15"/>
<line x="49.34" y="46.15"/>
<curve x1="50.61" y1="46.15" x2="51.33" y2="45.6" x3="51.33" y3="44.18"/>
<close/>
</path>
<fillstroke/>
<path>
<move x="49.25" y="30.37"/>
<curve x1="41.28" y1="30.37" x2="36.93" y2="32.28" x3="36.93" y3="33.26"/>
<curve x1="36.93" y1="34.24" x2="41.28" y2="36.15" x3="49.25" y3="36.15"/>
<curve x1="51.78" y1="36.15" x2="53.94" y2="35.95" x3="55.72" y3="35.66"/>
<curve x1="59.53" y1="35.03" x2="61.56" y2="33.93" x3="61.56" y3="33.26"/>
<curve x1="61.56" y1="32.59" x2="59.53" y2="31.49" x3="55.72" y3="30.86"/>
<curve x1="53.94" y1="30.57" x2="51.78" y2="30.37" x3="49.25" y3="30.37"/>
<close/>
</path>
<fillstroke/>

<fillcolor color="#FFFFFF"/>
<path>
<move x="48.23" y="47.99"/>
<line x="49.65" y="47.99"/>
<curve x1="50.72" y1="47.99" x2="51.18" y2="48.62" x3="51.22" y3="49.65"/>
<line x="51.29" y="52.18"/>
<curve x1="51.31" y1="52.7" x2="51.37" y2="53.2" x3="51.63" y3="53.57"/>
<line x="54.5" y="53.57"/>
<line x="54.5" y="53.46"/>
<curve x1="54.01" y1="53.2" x2="53.93" y2="52.48" x3="53.91" y3="51.09"/>
<curve x1="53.88" y1="48.31" x2="53.6" y2="47.31" x3="51.79" y3="47.07"/>
<line x="51.79" y="47.04"/>
<curve x1="53.29" y1="46.72" x2="53.99" y2="45.54" x3="53.99" y3="43.79"/>
<curve x1="53.99" y1="41.54" x2="52.66" y2="40.39" x3="50.48" y3="40.39"/>
<line x="45.57" y="40.39"/>
<line x="45.57" y="53.57"/>
<line x="48.23" y="53.57"/>
<line x="48.23" y="47.99"/>
<close/>
<move x="48.23" y="42.35"/>
<line x="49.49" y="42.35"/>
<curve x1="50.69" y1="42.35" x2="51.33" y2="42.96" x3="51.33" y3="44.18"/>
<curve x1="51.33" y1="45.6" x2="50.61" y2="46.15" x3="49.34" y3="46.15"/>
<line x="48.23" y="46.15"/>
<line x="48.23" y="42.35"/>
<close/>
</path>
<fillstroke/>
</foreground>
</shape>
<shape name="RDS DB Instance Standby" h="57.96" w="61.77" aspect="variable" strokewidth="inherit">
<connections>
<constraint x="0.5" y="0" perimeter="0" name="N"/>
<constraint x="0.5" y="0.98" perimeter="0" name="S"/>
<constraint x="0" y="0.5" perimeter="0" name="W"/>
<constraint x="0.9" y="0.5" perimeter="0" name="E"/>
<constraint x="0.023" y="0.023" perimeter="0" name="NW"/>
<constraint x="0.023" y="0.95" perimeter="0" name="SW"/>
<constraint x="0.88" y="0.023" perimeter="0" name="NE"/>
<constraint x="1" y="0.95" perimeter="0" name="SE"/>
</connections>
<background>
<path>
<move x="35.45" y="33.49"/>
<curve x1="35.43" y1="33.41" x2="35.43" y2="33.34" x3="35.43" y3="33.26"/>
<curve x1="35.43" y1="33.13" x2="35.46" y2="33.01" x3="35.49" y3="32.89"/>
<curve x1="36.07" y1="30.25" x2="42.69" y2="28.87" x3="49.25" y3="28.87"/>
<curve x1="51.47" y1="28.87" x2="53.7" y2="29.04" x3="55.7" y3="29.35"/>
<line x="55.7" y="5"/>
<curve x1="55.7" y1="2.24" x2="53.46" y2="0" x3="50.7" y3="0"/>
<line x="5" y="0"/>
<curve x1="2.24" y1="0" x2="0" y2="2.24" x3="0" y3="5"/>
<line x="0" y="51.81"/>
<curve x1="0" y1="54.57" x2="2.24" y2="56.81" x3="5" y3="56.81"/>
<line x="36.22" y="56.75"/>
<curve x1="35.71" y1="56.23" x2="35.43" y2="55.66" x3="35.43" y3="55.08"/>
<line x="35.45" y="33.49"/>
<close/>
</path>
</background>
<foreground>
<fillstroke/>
<path>
<move x="55.7" y="37.18"/>
<line x="55.7" y="37.17"/>
<curve x1="55.35" y1="37.23" x2="55.01" y2="37.27" x3="54.66" y3="37.32"/>
<curve x1="54.49" y1="37.34" x2="54.32" y2="37.37" x3="54.14" y3="37.39"/>
<curve x1="53.82" y1="37.43" x2="53.49" y2="37.45" x3="53.17" y3="37.48"/>
<curve x1="52.96" y1="37.5" x2="52.75" y2="37.52" x3="52.54" y3="37.53"/>
<curve x1="52.13" y1="37.56" x2="51.71" y2="37.58" x3="51.28" y3="37.6"/>
<curve x1="51.21" y1="37.6" x2="51.14" y2="37.61" x3="51.07" y3="37.61"/>
<curve x1="50.58" y1="37.62" x2="50.08" y2="37.64" x3="49.56" y3="37.64"/>
<curve x1="49.46" y1="37.64" x2="49.35" y2="37.64" x3="49.25" y3="37.64"/>
<curve x1="44.32" y1="37.64" x2="39.36" y2="36.86" x3="36.95" y3="35.36"/>
<line x="36.95" y="55.17"/>
<curve x1="37.08" y1="55.63" x2="38.25" y2="56.23" x3="39.89" y3="56.76"/>
<curve x1="42.11" y1="57.42" x2="45.53" y2="57.96" x3="50.05" y3="57.96"/>
<curve x1="58.32" y1="57.96" x2="61.75" y2="56.09" x3="61.75" y3="55.09"/>
<line x="61.77" y="35.18"/>
<curve x1="60.48" y1="36.02" x2="58.39" y2="36.73" x3="55.7" y3="37.18"/>
<close/>
</path>
<fillstroke/>
<path>
<move x="49.25" y="30.37"/>
<curve x1="41.28" y1="30.37" x2="36.93" y2="32.28" x3="36.93" y3="33.26"/>
<curve x1="36.93" y1="34.24" x2="41.28" y2="36.15" x3="49.25" y3="36.15"/>
<curve x1="51.78" y1="36.15" x2="53.94" y2="35.95" x3="55.72" y3="35.66"/>
<curve x1="59.53" y1="35.03" x2="61.56" y2="33.93" x3="61.56" y3="33.26"/>
<curve x1="61.56" y1="32.59" x2="59.54" y2="31.49" x3="55.72" y3="30.86"/>
<curve x1="53.94" y1="30.57" x2="51.78" y2="30.37" x3="49.25" y3="30.37"/>
<close/>
</path>
<fillstroke/>

<fillcolor color="#FFFFFF"/>
<path>
<move x="48.06" y="49.04"/>
<line x="48.06" y="49.43"/>
<curve x1="48.06" y1="50.67" x2="48.41" y2="51.46" x3="49.81" y3="51.46"/>
<curve x1="50.62" y1="51.46" x2="51.4" y2="50.94" x3="51.4" y3="49.84"/>
<curve x1="51.4" y1="48.64" x2="50.79" y2="48.19" x3="49.03" y3="47.59"/>
<curve x1="46.67" y1="46.77" x2="45.58" y2="45.8" x3="45.58" y3="43.6"/>
<curve x1="45.58" y1="41.04" x2="47.15" y2="39.73" x3="49.66" y3="39.73"/>
<curve x1="52.02" y1="39.73" x2="53.74" y2="40.74" x3="53.74" y3="43.27"/>
<line x="53.74" y="43.64"/>
<line x="51.19" y="43.64"/>
<curve x1="51.19" y1="42.4" x2="50.77" y2="41.68" x3="49.75" y3="41.68"/>
<curve x1="48.55" y1="41.68" x2="48.24" y2="42.44" x3="48.24" y3="43.21"/>
<curve x1="48.24" y1="44.03" x2="48.48" y2="44.52" x3="49.61" y3="45"/>
<line x="51.65" y="45.89"/>
<curve x1="53.65" y1="46.76" x2="54.16" y2="47.77" x3="54.16" y3="49.38"/>
<curve x1="54.16" y1="52.16" x2="52.47" y2="53.42" x3="49.59" y3="53.42"/>
<curve x1="46.58" y1="53.42" x2="45.4" y2="52.01" x3="45.4" y3="49.58"/>
<line x="45.4" y="49.04"/>
<line x="48.06" y="49.04"/>
<close/>
</path>
<fillstroke/>
</foreground>
</shape>
<shape name="RDS MySQL DB Instance" h="57.96" w="61.77" aspect="variable" strokewidth="inherit">
<connections>
<constraint x="0.5" y="0" perimeter="0" name="N"/>
<constraint x="0.5" y="0.98" perimeter="0" name="S"/>
<constraint x="0" y="0.5" perimeter="0" name="W"/>
<constraint x="0.9" y="0.5" perimeter="0" name="E"/>
<constraint x="0.023" y="0.023" perimeter="0" name="NW"/>
<constraint x="0.023" y="0.95" perimeter="0" name="SW"/>
<constraint x="0.88" y="0.023" perimeter="0" name="NE"/>
<constraint x="1" y="0.95" perimeter="0" name="SE"/>
</connections>
<background>
<path>
<move x="35.45" y="33.49"/>
<curve x1="35.43" y1="33.41" x2="35.43" y2="33.34" x3="35.43" y3="33.26"/>
<curve x1="35.43" y1="33.13" x2="35.46" y2="33.01" x3="35.49" y3="32.89"/>
<curve x1="36.07" y1="30.25" x2="42.69" y2="28.87" x3="49.25" y3="28.87"/>
<curve x1="51.47" y1="28.87" x2="53.7" y2="29.04" x3="55.7" y3="29.35"/>
<line x="55.7" y="5"/>
<curve x1="55.7" y1="2.24" x2="53.46" y2="0" x3="50.7" y3="0"/>
<line x="5" y="0"/>
<curve x1="2.24" y1="0" x2="0" y2="2.24" x3="0" y3="5"/>
<line x="0" y="51.81"/>
<curve x1="0" y1="54.57" x2="2.24" y2="56.81" x3="5" y3="56.81"/>
<line x="36.22" y="56.75"/>
<curve x1="35.71" y1="56.23" x2="35.43" y2="55.66" x3="35.43" y3="55.08"/>
<line x="35.45" y="33.49"/>
<close/>
<move x="42.18" y="8.35"/>
<line x="43.95" y="8.35"/>
<line x="43.95" y="17.93"/>
<line x="48.22" y="17.93"/>
<line x="48.22" y="19.42"/>
<line x="42.18" y="19.42"/>
<line x="42.18" y="8.35"/>
<close/>
<move x="15.74" y="19.42"/>
<line x="14.06" y="19.42"/>
<line x="14.06" y="10.21"/>
<line x="14.03" y="10.21"/>
<line x="11.8" y="19.42"/>
<line x="10.31" y="19.42"/>
<line x="8.08" y="10.21"/>
<line x="8.05" y="10.21"/>
<line x="8.05" y="19.42"/>
<line x="6.37" y="19.42"/>
<line x="6.37" y="8.35"/>
<line x="9.13" y="8.35"/>
<line x="11.09" y="16.55"/>
<line x="11.12" y="16.55"/>
<line x="13.04" y="8.35"/>
<line x="15.74" y="8.35"/>
<line x="15.74" y="19.42"/>
<close/>
<move x="21.22" y="19.73"/>
<curve x1="20.57" y1="22.01" x2="20.03" y2="22.3" x3="18.31" y3="22.27"/>
<curve x1="18.09" y1="22.27" x2="17.86" y2="22.24" x3="17.64" y3="22.21"/>
<line x="17.64" y="20.87"/>
<curve x1="17.83" y1="20.9" x2="17.99" y2="20.94" x3="18.18" y3="20.94"/>
<curve x1="18.75" y1="20.94" x2="19.13" y2="20.81" x3="19.31" y3="20.29"/>
<line x="19.53" y="19.6"/>
<line x="17.16" y="11.08"/>
<line x="18.96" y="11.08"/>
<line x="20.4" y="17.34"/>
<line x="20.43" y="17.34"/>
<line x="21.76" y="11.08"/>
<line x="23.51" y="11.08"/>
<line x="21.22" y="19.73"/>
<close/>
<move x="27.9" y="19.63"/>
<curve x1="25.16" y1="19.63" x2="24.54" y2="17.8" x3="24.54" y3="16.25"/>
<line x="24.54" y="15.99"/>
<line x="26.3" y="15.99"/>
<line x="26.3" y="16.27"/>
<curve x1="26.3" y1="17.62" x2="26.89" y2="18.3" x3="28.12" y3="18.3"/>
<curve x1="29.23" y1="18.3" x2="29.79" y2="17.51" x3="29.79" y3="16.69"/>
<curve x1="29.79" y1="15.53" x2="29.2" y2="15.01" x3="28.21" y3="14.72"/>
<line x="27" y="14.3"/>
<curve x1="25.39" y1="13.68" x2="24.69" y2="12.84" x3="24.69" y3="11.26"/>
<curve x1="24.69" y1="9.25" x2="26.06" y2="8.13" x3="28.13" y3="8.13"/>
<curve x1="30.97" y1="8.13" x2="31.26" y2="9.9" x3="31.26" y3="11.04"/>
<line x="31.26" y="11.29"/>
<line x="29.5" y="11.29"/>
<line x="29.5" y="11.06"/>
<curve x1="29.5" y1="10.05" x2="29.05" y2="9.46" x3="27.95" y3="9.46"/>
<curve x1="27.19" y1="9.46" x2="26.46" y2="9.88" x3="26.46" y3="11.06"/>
<curve x1="26.46" y1="12.01" x2="26.94" y2="12.49" x3="28.12" y3="12.94"/>
<line x="29.31" y="13.37"/>
<curve x1="30.88" y1="13.93" x2="31.56" y2="14.78" x3="31.56" y3="16.3"/>
<curve x1="31.56" y1="18.66" x2="30.13" y2="19.63" x3="27.9" y3="19.63"/>
<close/>
<move x="33.11" y="13.88"/>
<curve x1="33.11" y1="9.93" x2="34.22" y2="8.13" x3="36.77" y3="8.13"/>
<curve x1="39.31" y1="8.13" x2="40.43" y2="9.93" x3="40.43" y3="13.88"/>
<curve x1="40.43" y1="15.93" x2="40.05" y2="17.46" x3="39.56" y3="18.27"/>
<line x="40.69" y="19.46"/>
<line x="39.64" y="20.41"/>
<line x="38.5" y="19.26"/>
<curve x1="38.05" y1="19.53" x2="37.46" y2="19.63" x3="36.77" y3="19.63"/>
<curve x1="34.22" y1="19.63" x2="33.11" y2="17.84" x3="33.11" y3="13.88"/>
<close/>
</path>
</background>
<foreground>
<fillstroke/>
<path>
<move x="37.4" y="18.19"/>
<line x="36.57" y="17.37"/>
<line x="37.57" y="16.36"/>
<line x="38.3" y="17.09"/>
<curve x1="38.55" y1="16.43" x2="38.66" y2="15.39" x3="38.66" y3="13.84"/>
<curve x1="38.66" y1="10.11" x2="37.82" y2="9.46" x3="36.77" y3="9.46"/>
<curve x1="35.71" y1="9.46" x2="34.88" y2="10.12" x3="34.88" y3="13.84"/>
<curve x1="34.88" y1="17.65" x2="35.71" y2="18.3" x3="36.77" y3="18.3"/>
<curve x1="37" y1="18.3" x2="37.2" y2="18.27" x3="37.4" y3="18.19"/>
<close/>
</path>
<fillstroke/>
<path>
<move x="55.7" y="37.18"/>
<line x="55.7" y="37.17"/>
<curve x1="55.35" y1="37.23" x2="55.01" y2="37.27" x3="54.66" y3="37.32"/>
<curve x1="54.49" y1="37.34" x2="54.32" y2="37.37" x3="54.14" y3="37.39"/>
<curve x1="53.82" y1="37.43" x2="53.49" y2="37.45" x3="53.17" y3="37.48"/>
<curve x1="52.96" y1="37.5" x2="52.75" y2="37.52" x3="52.54" y3="37.53"/>
<curve x1="52.13" y1="37.56" x2="51.71" y2="37.58" x3="51.28" y3="37.6"/>
<curve x1="51.21" y1="37.6" x2="51.14" y2="37.61" x3="51.07" y3="37.61"/>
<curve x1="50.58" y1="37.62" x2="50.08" y2="37.64" x3="49.56" y3="37.64"/>
<curve x1="49.46" y1="37.64" x2="49.35" y2="37.64" x3="49.25" y3="37.64"/>
<curve x1="44.32" y1="37.64" x2="39.36" y2="36.86" x3="36.95" y3="35.36"/>
<line x="36.95" y="55.17"/>
<curve x1="37.08" y1="55.63" x2="38.25" y2="56.23" x3="39.89" y3="56.76"/>
<curve x1="42.11" y1="57.42" x2="45.53" y2="57.96" x3="50.05" y3="57.96"/>
<curve x1="58.32" y1="57.96" x2="61.75" y2="56.09" x3="61.75" y3="55.09"/>
<line x="61.77" y="35.18"/>
<curve x1="60.48" y1="36.02" x2="58.39" y2="36.73" x3="55.7" y3="37.18"/>
<close/>
<move x="43.51" y="40.25"/>
<line x="47.46" y="40.25"/>
<line x="49.34" y="49.55"/>
<line x="49.37" y="49.55"/>
<line x="51.27" y="40.25"/>
<line x="55.2" y="40.25"/>
<line x="55.2" y="53.42"/>
<line x="52.77" y="53.42"/>
<line x="52.77" y="42.91"/>
<line x="52.73" y="42.91"/>
<line x="50.39" y="53.42"/>
<line x="48.32" y="53.42"/>
<line x="45.98" y="42.91"/>
<line x="45.94" y="42.91"/>
<line x="45.94" y="53.42"/>
<line x="43.51" y="53.42"/>
<line x="43.51" y="40.25"/>
<close/>
</path>
<fillstroke/>
<path>
<move x="49.25" y="30.37"/>
<curve x1="41.28" y1="30.37" x2="36.93" y2="32.28" x3="36.93" y3="33.26"/>
<curve x1="36.93" y1="34.24" x2="41.28" y2="36.15" x3="49.25" y3="36.15"/>
<curve x1="51.78" y1="36.15" x2="53.94" y2="35.95" x3="55.72" y3="35.66"/>
<curve x1="59.53" y1="35.03" x2="61.56" y2="33.93" x3="61.56" y3="33.26"/>
<curve x1="61.56" y1="32.59" x2="59.53" y2="31.49" x3="55.72" y3="30.86"/>
<curve x1="53.94" y1="30.57" x2="51.78" y2="30.37" x3="49.25" y3="30.37"/>
<close/>
</path>
<fillstroke/>

<fillcolor color="#FFFFFF"/>
<path>
<move x="45.94" y="42.91"/>
<line x="45.98" y="42.91"/>
<line x="48.32" y="53.42"/>
<line x="50.39" y="53.42"/>
<line x="52.73" y="42.91"/>
<line x="52.77" y="42.91"/>
<line x="52.77" y="53.42"/>
<line x="55.21" y="53.42"/>
<line x="55.21" y="40.25"/>
<line x="51.28" y="40.25"/>
<line x="49.38" y="49.55"/>
<line x="49.34" y="49.55"/>
<line x="47.46" y="40.25"/>
<line x="43.51" y="40.25"/>
<line x="43.51" y="53.42"/>
<line x="45.94" y="53.42"/>
<close/>
</path>
<fillstroke/>
<path>
<move x="11.12" y="16.55"/>
<line x="11.08" y="16.55"/>
<line x="9.13" y="8.35"/>
<line x="6.37" y="8.35"/>
<line x="6.37" y="19.42"/>
<line x="8.05" y="19.42"/>
<line x="8.05" y="10.21"/>
<line x="8.08" y="10.21"/>
<line x="10.31" y="19.42"/>
<line x="11.8" y="19.42"/>
<line x="14.03" y="10.21"/>
<line x="14.06" y="10.21"/>
<line x="14.06" y="19.42"/>
<line x="15.74" y="19.42"/>
<line x="15.74" y="8.35"/>
<line x="13.04" y="8.35"/>
<close/>
</path>
<fillstroke/>
<path>
<move x="20.43" y="17.34"/>
<line x="20.4" y="17.34"/>
<line x="18.96" y="11.08"/>
<line x="17.16" y="11.08"/>
<line x="19.53" y="19.6"/>
<line x="19.31" y="20.28"/>
<curve x1="19.13" y1="20.81" x2="18.75" y2="20.94" x3="18.18" y3="20.94"/>
<curve x1="17.99" y1="20.94" x2="17.83" y2="20.9" x3="17.64" y3="20.87"/>
<line x="17.64" y="22.21"/>
<curve x1="17.86" y1="22.24" x2="18.09" y2="22.27" x3="18.31" y3="22.27"/>
<curve x1="20.03" y1="22.3" x2="20.57" y2="22" x3="21.22" y3="19.73"/>
<line x="23.51" y="11.08"/>
<line x="21.76" y="11.08"/>
<line x="20.43" y="17.34"/>
<close/>
</path>
<fillstroke/>
<path>
<move x="29.31" y="13.37"/>
<line x="28.12" y="12.94"/>
<curve x1="26.94" y1="12.49" x2="26.46" y2="12.01" x3="26.46" y3="11.06"/>
<curve x1="26.46" y1="9.88" x2="27.19" y2="9.46" x3="27.95" y3="9.46"/>
<curve x1="29.05" y1="9.46" x2="29.5" y2="10.05" x3="29.5" y3="11.06"/>
<line x="29.5" y="11.29"/>
<line x="31.27" y="11.29"/>
<line x="31.27" y="11.05"/>
<curve x1="31.27" y1="9.9" x2="30.97" y2="8.13" x3="28.13" y3="8.13"/>
<curve x1="26.06" y1="8.13" x2="24.69" y2="9.25" x3="24.69" y3="11.26"/>
<curve x1="24.69" y1="12.84" x2="25.39" y2="13.68" x3="27" y3="14.3"/>
<line x="28.21" y="14.72"/>
<curve x1="29.21" y1="15.01" x2="29.79" y2="15.53" x3="29.79" y3="16.69"/>
<curve x1="29.79" y1="17.51" x2="29.24" y2="18.3" x3="28.12" y3="18.3"/>
<curve x1="26.89" y1="18.3" x2="26.31" y2="17.62" x3="26.31" y3="16.27"/>
<line x="26.31" y="15.99"/>
<line x="24.54" y="15.99"/>
<line x="24.54" y="16.25"/>
<curve x1="24.54" y1="17.8" x2="25.16" y2="19.63" x3="27.9" y3="19.63"/>
<curve x1="30.13" y1="19.63" x2="31.56" y2="18.66" x3="31.56" y3="16.3"/>
<curve x1="31.56" y1="14.78" x2="30.88" y2="13.93" x3="29.31" y3="13.37"/>
<close/>
</path>
<fillstroke/>
<path>
<move x="38.5" y="19.26"/>
<line x="39.64" y="20.41"/>
<line x="40.69" y="19.46"/>
<line x="39.56" y="18.27"/>
<curve x1="40.05" y1="17.46" x2="40.43" y2="15.93" x3="40.43" y3="13.88"/>
<curve x1="40.43" y1="9.93" x2="39.31" y2="8.13" x3="36.77" y3="8.13"/>
<curve x1="34.22" y1="8.13" x2="33.11" y2="9.93" x3="33.11" y3="13.88"/>
<curve x1="33.11" y1="17.84" x2="34.22" y2="19.63" x3="36.77" y3="19.63"/>
<curve x1="37.46" y1="19.63" x2="38.05" y2="19.52" x3="38.5" y3="19.26"/>
<close/>
<move x="34.88" y="13.84"/>
<curve x1="34.88" y1="10.11" x2="35.71" y2="9.46" x3="36.77" y3="9.46"/>
<curve x1="37.82" y1="9.46" x2="38.66" y2="10.11" x3="38.66" y3="13.84"/>
<curve x1="38.66" y1="15.39" x2="38.55" y2="16.42" x3="38.3" y3="17.09"/>
<line x="37.57" y="16.36"/>
<line x="36.57" y="17.37"/>
<line x="37.4" y="18.19"/>
<curve x1="37.2" y1="18.27" x2="37" y2="18.3" x3="36.77" y3="18.3"/>
<curve x1="35.71" y1="18.3" x2="34.88" y2="17.65" x3="34.88" y3="13.84"/>
<close/>
</path>
<fillstroke/>
<path>
<move x="48.22" y="17.93"/>
<line x="43.94" y="17.93"/>
<line x="43.94" y="8.35"/>
<line x="42.18" y="8.35"/>
<line x="42.18" y="19.42"/>
<line x="48.22" y="19.42"/>
<close/>
</path>
<fillstroke/>
</foreground>
</shape>
<shape name="RDS Oracle DB Instance" h="57.96" w="61.77" aspect="variable" strokewidth="inherit">
<connections>
<constraint x="0.5" y="0" perimeter="0" name="N"/>
<constraint x="0.5" y="0.98" perimeter="0" name="S"/>
<constraint x="0" y="0.5" perimeter="0" name="W"/>
<constraint x="0.9" y="0.5" perimeter="0" name="E"/>
<constraint x="0.023" y="0.023" perimeter="0" name="NW"/>
<constraint x="0.023" y="0.95" perimeter="0" name="SW"/>
<constraint x="0.88" y="0.023" perimeter="0" name="NE"/>
<constraint x="1" y="0.95" perimeter="0" name="SE"/>
</connections>
<background>
<path>
<move x="35.45" y="33.49"/>
<curve x1="35.43" y1="33.41" x2="35.43" y2="33.34" x3="35.43" y3="33.26"/>
<curve x1="35.43" y1="33.13" x2="35.46" y2="33.01" x3="35.49" y3="32.89"/>
<curve x1="36.07" y1="30.25" x2="42.69" y2="28.87" x3="49.25" y3="28.87"/>
<curve x1="51.47" y1="28.87" x2="53.7" y2="29.04" x3="55.7" y3="29.35"/>
<line x="55.7" y="5"/>
<curve x1="55.7" y1="2.24" x2="53.46" y2="0" x3="50.7" y3="0"/>
<line x="5" y="0"/>
<curve x1="2.24" y1="0" x2="0" y2="2.24" x3="0" y3="5"/>
<line x="0" y="51.81"/>
<curve x1="0" y1="54.57" x2="2.24" y2="56.81" x3="5" y3="56.81"/>
<line x="36.22" y="56.75"/>
<curve x1="35.71" y1="56.23" x2="35.43" y2="55.66" x3="35.43" y3="55.08"/>
<line x="35.45" y="33.49"/>
<close/>
<move x="45.34" y="6.72"/>
<line x="51.32" y="6.72"/>
<line x="51.32" y="8.21"/>
<line x="47.11" y="8.21"/>
<line x="47.11" y="11.28"/>
<line x="51.08" y="11.28"/>
<line x="51.08" y="12.77"/>
<line x="47.11" y="12.77"/>
<line x="47.11" y="16.31"/>
<line x="51.45" y="16.31"/>
<line x="51.45" y="17.79"/>
<line x="45.34" y="17.79"/>
<line x="45.34" y="6.72"/>
<close/>
<move x="37.95" y="6.72"/>
<line x="39.71" y="6.72"/>
<line x="39.71" y="16.31"/>
<line x="43.99" y="16.31"/>
<line x="43.99" y="17.79"/>
<line x="37.95" y="17.79"/>
<line x="37.95" y="6.72"/>
<close/>
<move x="7.27" y="18.01"/>
<curve x1="4.73" y1="18.01" x2="3.61" y2="16.21" x3="3.61" y3="12.26"/>
<curve x1="3.61" y1="8.31" x2="4.73" y2="6.51" x3="7.27" y3="6.51"/>
<curve x1="9.81" y1="6.51" x2="10.93" y2="8.31" x3="10.93" y3="12.26"/>
<curve x1="10.93" y1="16.21" x2="9.81" y2="18.01" x3="7.27" y3="18.01"/>
<close/>
<move x="18" y="17.79"/>
<curve x1="17.83" y1="17.59" x2="17.75" y2="17.25" x3="17.7" y3="16.82"/>
<curve x1="17.64" y1="16.15" x2="17.66" y2="15.53" x3="17.63" y3="14.72"/>
<curve x1="17.6" y1="13.51" x2="17.22" y2="12.99" x3="16.01" y3="12.99"/>
<line x="14.57" y="12.99"/>
<line x="14.57" y="17.79"/>
<line x="12.8" y="17.79"/>
<line x="12.8" y="6.72"/>
<line x="16.71" y="6.72"/>
<curve x1="18.26" y1="6.72" x2="19.52" y2="7.5" x3="19.52" y3="9.58"/>
<curve x1="19.52" y1="11" x2="18.88" y2="12.1" x3="17.67" y3="12.29"/>
<line x="17.67" y="12.32"/>
<curve x1="18.77" y1="12.43" x2="19.35" y2="13.04" x3="19.41" y3="14.59"/>
<curve x1="19.43" y1="15.3" x2="19.44" y2="16.17" x3="19.47" y3="16.83"/>
<curve x1="19.5" y1="17.38" x2="19.77" y2="17.64" x3="20" y3="17.8"/>
<line x="18" y="17.8"/>
<close/>
<move x="26.86" y="17.79"/>
<line x="26.18" y="15.08"/>
<line x="22.94" y="15.08"/>
<line x="22.23" y="17.79"/>
<line x="20.38" y="17.79"/>
<line x="23.53" y="6.72"/>
<line x="25.79" y="6.72"/>
<line x="28.71" y="17.79"/>
<line x="26.86" y="17.79"/>
<close/>
<move x="33.19" y="18.01"/>
<curve x1="30.4" y1="18.01" x2="29.53" y2="16.21" x3="29.53" y3="12.26"/>
<curve x1="29.53" y1="8.31" x2="30.4" y2="6.51" x3="33.2" y3="6.51"/>
<curve x1="36.35" y1="6.51" x2="36.54" y2="8.83" x3="36.54" y3="9.98"/>
<line x="36.54" y="10.18"/>
<line x="34.77" y="10.18"/>
<line x="34.77" y="10"/>
<curve x1="34.77" y1="8.97" x2="34.46" y2="7.8" x3="33.19" y3="7.84"/>
<curve x1="31.88" y1="7.84" x2="31.3" y2="8.65" x3="31.3" y3="12.21"/>
<curve x1="31.3" y1="15.78" x2="31.88" y2="16.68" x3="33.19" y3="16.68"/>
<curve x1="34.66" y1="16.68" x2="34.83" y2="15.03" x3="34.83" y3="14.01"/>
<line x="34.83" y="13.83"/>
<line x="36.6" y="13.83"/>
<line x="36.6" y="14.06"/>
<curve x1="36.6" y1="16.06" x2="35.79" y2="18.01" x3="33.19" y3="18.01"/>
<close/>
</path>
</background>
<foreground>
<fillstroke/>
<path>
<move x="16.08" y="8.06"/>
<line x="14.57" y="8.06"/>
<line x="14.57" y="11.66"/>
<line x="15.98" y="11.66"/>
<curve x1="17.11" y1="11.66" x2="17.75" y2="10.97" x3="17.75" y3="9.86"/>
<curve x1="17.75" y1="8.68" x2="17.24" y2="8.06" x3="16.08" y3="8.06"/>
<close/>
</path>
<fillstroke/>
<path>
<move x="24.59" y="8.21"/>
<line x="23.27" y="13.67"/>
<line x="25.89" y="13.67"/>
<line x="24.62" y="8.21"/>
<close/>
</path>
<fillstroke/>
<path>
<move x="7.27" y="7.84"/>
<curve x1="6.22" y1="7.84" x2="5.38" y2="8.49" x3="5.38" y3="12.21"/>
<curve x1="5.38" y1="16.03" x2="6.22" y2="16.68" x3="7.27" y3="16.68"/>
<curve x1="8.33" y1="16.68" x2="9.16" y2="16.03" x3="9.16" y3="12.21"/>
<curve x1="9.16" y1="8.49" x2="8.33" y2="7.84" x3="7.27" y3="7.84"/>
<close/>
</path>
<fillstroke/>
<path>
<move x="55.7" y="37.18"/>
<line x="55.7" y="37.17"/>
<curve x1="55.35" y1="37.23" x2="55.01" y2="37.27" x3="54.66" y3="37.32"/>
<curve x1="54.49" y1="37.34" x2="54.32" y2="37.37" x3="54.14" y3="37.39"/>
<curve x1="53.82" y1="37.43" x2="53.49" y2="37.45" x3="53.17" y3="37.48"/>
<curve x1="52.96" y1="37.5" x2="52.75" y2="37.52" x3="52.54" y3="37.53"/>
<curve x1="52.13" y1="37.56" x2="51.71" y2="37.58" x3="51.28" y3="37.6"/>
<curve x1="51.21" y1="37.6" x2="51.14" y2="37.61" x3="51.07" y3="37.61"/>
<curve x1="50.58" y1="37.62" x2="50.08" y2="37.64" x3="49.56" y3="37.64"/>
<curve x1="49.46" y1="37.64" x2="49.35" y2="37.64" x3="49.25" y3="37.64"/>
<curve x1="44.32" y1="37.64" x2="39.36" y2="36.86" x3="36.95" y3="35.36"/>
<line x="36.95" y="55.17"/>
<curve x1="37.08" y1="55.63" x2="38.25" y2="56.23" x3="39.89" y3="56.76"/>
<curve x1="42.11" y1="57.42" x2="45.53" y2="57.96" x3="50.05" y3="57.96"/>
<curve x1="58.32" y1="57.96" x2="61.75" y2="56.09" x3="61.75" y3="55.09"/>
<line x="61.77" y="35.18"/>
<curve x1="60.48" y1="36.02" x2="58.39" y2="36.73" x3="55.7" y3="37.18"/>
<close/>
<move x="43.51" y="40.28"/>
<line x="47.46" y="40.28"/>
<line x="49.34" y="49.58"/>
<line x="49.37" y="49.58"/>
<line x="51.27" y="40.28"/>
<line x="55.2" y="40.28"/>
<line x="55.2" y="53.45"/>
<line x="52.77" y="53.45"/>
<line x="52.77" y="42.94"/>
<line x="52.73" y="42.94"/>
<line x="50.39" y="53.45"/>
<line x="48.32" y="53.45"/>
<line x="45.98" y="42.94"/>
<line x="45.94" y="42.94"/>
<line x="45.94" y="53.45"/>
<line x="43.51" y="53.45"/>
<line x="43.51" y="40.28"/>
<close/>
</path>
<fillstroke/>
<path>
<move x="49.25" y="30.37"/>
<curve x1="41.28" y1="30.37" x2="36.93" y2="32.28" x3="36.93" y3="33.26"/>
<curve x1="36.93" y1="34.24" x2="41.28" y2="36.15" x3="49.25" y3="36.15"/>
<curve x1="51.78" y1="36.15" x2="53.94" y2="35.95" x3="55.72" y3="35.66"/>
<curve x1="59.53" y1="35.03" x2="61.56" y2="33.93" x3="61.56" y3="33.26"/>
<curve x1="61.56" y1="32.59" x2="59.53" y2="31.49" x3="55.72" y3="30.86"/>
<curve x1="53.94" y1="30.57" x2="51.78" y2="30.37" x3="49.25" y3="30.37"/>
<close/>
</path>
<fillstroke/>

<fillcolor color="#FFFFFF"/>
<path>
<move x="45.94" y="42.94"/>
<line x="45.98" y="42.94"/>
<line x="48.32" y="53.45"/>
<line x="50.39" y="53.45"/>
<line x="52.73" y="42.94"/>
<line x="52.77" y="42.94"/>
<line x="52.77" y="53.45"/>
<line x="55.21" y="53.45"/>
<line x="55.21" y="40.28"/>
<line x="51.28" y="40.28"/>
<line x="49.38" y="49.58"/>
<line x="49.34" y="49.58"/>
<line x="47.46" y="40.28"/>
<line x="43.51" y="40.28"/>
<line x="43.51" y="53.45"/>
<line x="45.94" y="53.45"/>
<close/>
</path>
<fillstroke/>
<path>
<move x="7.27" y="6.51"/>
<curve x1="4.73" y1="6.51" x2="3.61" y2="8.31" x3="3.61" y3="12.26"/>
<curve x1="3.61" y1="16.21" x2="4.73" y2="18.01" x3="7.27" y3="18.01"/>
<curve x1="9.81" y1="18.01" x2="10.93" y2="16.21" x3="10.93" y3="12.26"/>
<curve x1="10.93" y1="8.31" x2="9.81" y2="6.51" x3="7.27" y3="6.51"/>
<close/>
<move x="7.27" y="16.68"/>
<curve x1="6.22" y1="16.68" x2="5.38" y2="16.03" x3="5.38" y3="12.21"/>
<curve x1="5.38" y1="8.49" x2="6.22" y2="7.84" x3="7.27" y3="7.84"/>
<curve x1="8.33" y1="7.84" x2="9.16" y2="8.49" x3="9.16" y3="12.21"/>
<curve x1="9.16" y1="16.03" x2="8.33" y2="16.68" x3="7.27" y3="16.68"/>
<close/>
</path>
<fillstroke/>
<path>
<move x="19.47" y="16.83"/>
<curve x1="19.44" y1="16.17" x2="19.42" y2="15.3" x3="19.41" y3="14.59"/>
<curve x1="19.35" y1="13.04" x2="18.77" y2="12.43" x3="17.67" y3="12.32"/>
<line x="17.67" y="12.29"/>
<curve x1="18.88" y1="12.1" x2="19.52" y2="11" x3="19.52" y3="9.58"/>
<curve x1="19.52" y1="7.5" x2="18.26" y2="6.73" x3="16.71" y3="6.73"/>
<line x="12.8" y="6.73"/>
<line x="12.8" y="17.79"/>
<line x="14.57" y="17.79"/>
<line x="14.57" y="12.99"/>
<line x="16.01" y="12.99"/>
<curve x1="17.22" y1="12.99" x2="17.59" y2="13.52" x3="17.63" y3="14.72"/>
<curve x1="17.66" y1="15.53" x2="17.64" y2="16.15" x3="17.7" y3="16.82"/>
<curve x1="17.75" y1="17.25" x2="17.83" y2="17.59" x3="18" y3="17.79"/>
<line x="20" y="17.79"/>
<curve x1="19.76" y1="17.64" x2="19.5" y2="17.38" x3="19.47" y3="16.83"/>
<close/>
<move x="15.98" y="11.66"/>
<line x="14.57" y="11.66"/>
<line x="14.57" y="8.06"/>
<line x="16.08" y="8.06"/>
<curve x1="17.24" y1="8.06" x2="17.75" y2="8.68" x3="17.75" y3="9.86"/>
<curve x1="17.75" y1="10.97" x2="17.11" y2="11.66" x3="15.98" y3="11.66"/>
<close/>
</path>
<fillstroke/>
<path>
<move x="23.53" y="6.72"/>
<line x="20.38" y="17.79"/>
<line x="22.23" y="17.79"/>
<line x="22.94" y="15.08"/>
<line x="26.18" y="15.08"/>
<line x="26.87" y="17.79"/>
<line x="28.71" y="17.79"/>
<line x="25.8" y="6.72"/>
<line x="23.53" y="6.72"/>
<close/>
<move x="23.27" y="13.67"/>
<line x="24.58" y="8.21"/>
<line x="24.62" y="8.21"/>
<line x="25.89" y="13.67"/>
<line x="23.27" y="13.67"/>
<close/>
</path>
<fillstroke/>
<path>
<move x="36.6" y="13.83"/>
<line x="34.83" y="13.83"/>
<line x="34.83" y="14.01"/>
<curve x1="34.83" y1="15.03" x2="34.66" y2="16.68" x3="33.19" y3="16.68"/>
<curve x1="31.88" y1="16.68" x2="31.29" y2="15.78" x3="31.29" y3="12.21"/>
<curve x1="31.29" y1="8.65" x2="31.88" y2="7.84" x3="33.19" y3="7.84"/>
<curve x1="34.46" y1="7.8" x2="34.77" y2="8.97" x3="34.77" y3="10"/>
<line x="34.77" y="10.18"/>
<line x="36.53" y="10.18"/>
<line x="36.53" y="9.98"/>
<curve x1="36.53" y1="8.83" x2="36.35" y2="6.51" x3="33.2" y3="6.51"/>
<curve x1="30.39" y1="6.51" x2="29.53" y2="8.31" x3="29.53" y3="12.26"/>
<curve x1="29.53" y1="16.21" x2="30.39" y2="18.01" x3="33.19" y3="18.01"/>
<curve x1="35.79" y1="18.01" x2="36.6" y2="16.06" x3="36.6" y3="14.06"/>
<line x="36.6" y="13.83"/>
<close/>
</path>
<fillstroke/>
<path>
<move x="43.99" y="16.31"/>
<line x="39.71" y="16.31"/>
<line x="39.71" y="6.72"/>
<line x="37.95" y="6.72"/>
<line x="37.95" y="17.79"/>
<line x="43.99" y="17.79"/>
<close/>
</path>
<fillstroke/>
<path>
<move x="51.45" y="16.31"/>
<line x="47.11" y="16.31"/>
<line x="47.11" y="12.77"/>
<line x="51.07" y="12.77"/>
<line x="51.07" y="11.28"/>
<line x="47.11" y="11.28"/>
<line x="47.11" y="8.21"/>
<line x="51.32" y="8.21"/>
<line x="51.32" y="6.72"/>
<line x="45.34" y="6.72"/>
<line x="45.34" y="17.79"/>
<line x="51.45" y="17.79"/>
<close/>
</path>
<fillstroke/>
</foreground>
</shape>
<shape name="SimpleDB" h="55.03" w="56.32" aspect="variable" strokewidth="inherit">
<connections>
<constraint x="0.5" y="0" perimeter="0" name="N"/>
<constraint x="0.5" y="1" perimeter="0" name="S"/>
<constraint x="0" y="0.5" perimeter="0" name="W"/>
<constraint x="1" y="0.5" perimeter="0" name="E"/>
<constraint x="0" y="0" perimeter="0" name="NW"/>
<constraint x="0" y="1" perimeter="0" name="SW"/>
<constraint x="1" y="0" perimeter="0" name="NE"/>
<constraint x="1" y="1" perimeter="0" name="SE"/>
</connections>
<foreground>
<rect x="10.18" y="11.41" w="46.14" h="9.02"/>
<fillstroke/>
<rect x="0" y="22.44" w="8.18" h="10.63"/>
<fillstroke/>
<rect x="0" y="35.06" w="8.18" h="9.02"/>
<fillstroke/>
<rect x="0" y="46.08" w="8.18" h="8.95"/>
<fillstroke/>
<rect x="10.18" y="22.44" w="46.14" h="10.63"/>
<fillstroke/>
<rect x="10.18" y="46.08" w="46.14" h="8.95"/>
<fillstroke/>
<rect x="0" y="0" w="8.18" h="9.41"/>
<fillstroke/>
<rect x="10.18" y="0" w="46.14" h="9.41"/>
<fillstroke/>
<rect x="10.18" y="35.06" w="46.14" h="9.02"/>
<fillstroke/>
<rect x="0" y="11.41" w="8.18" h="9.02"/>
<fillstroke/>
</foreground>
</shape>
<shape name="SimpleDB Attribute" h="54.78" w="56.07" aspect="variable" strokewidth="inherit">
<connections>
<constraint x="0.5" y="0" perimeter="0" name="N"/>
<constraint x="0.5" y="1" perimeter="0" name="S"/>
<constraint x="0" y="0.5" perimeter="0" name="W"/>
<constraint x="1" y="0.5" perimeter="0" name="E"/>
<constraint x="0" y="0" perimeter="0" name="NW"/>
<constraint x="0" y="1" perimeter="0" name="SW"/>
<constraint x="1" y="0" perimeter="0" name="NE"/>
<constraint x="1" y="1" perimeter="0" name="SE"/>
</connections>
<foreground>
<rect x="28.53" y="29.23" w="27.54" h="25.56"/>
<fillstroke/>
<rect x="0" y="0" w="26.53" h="27.23"/>
<fillstroke/>
<path>
<move x="28.53" y="0"/>
<line x="28.53" y="27.23"/>
<line x="56.07" y="27.23"/>
<line x="56.07" y="0"/>
<line x="28.53" y="0"/>
<close/>
<move x="42.08" y="22.91"/>
<curve x1="36.92" y1="22.91" x2="32.74" y2="18.73" x3="32.74" y3="13.57"/>
<curve x1="32.74" y1="8.41" x2="36.92" y2="4.23" x3="42.08" y3="4.23"/>
<curve x1="47.24" y1="4.23" x2="51.42" y2="8.41" x3="51.42" y3="13.57"/>
<curve x1="51.42" y1="18.73" x2="47.24" y2="22.91" x3="42.08" y3="22.91"/>
<close/>
</path>
<fillstroke/>
<rect x="0" y="29.23" w="26.53" h="25.56"/>
<fillstroke/>

<fillcolor color="#FFFFFF"/>
<ellipse x="32.74" y="4.23" w="18.68" h="18.68"/>
<fillstroke/>
</foreground>
</shape>
<shape name="SimpleDB Attributes" h="52.78" w="54.03" aspect="variable" strokewidth="inherit">
<connections>
<constraint x="0.5" y="0" perimeter="0" name="N"/>
<constraint x="0.5" y="1" perimeter="0" name="S"/>
<constraint x="0" y="0.5" perimeter="0" name="W"/>
<constraint x="1" y="0.5" perimeter="0" name="E"/>
<constraint x="0" y="0" perimeter="0" name="NW"/>
<constraint x="0" y="1" perimeter="0" name="SW"/>
<constraint x="1" y="0" perimeter="0" name="NE"/>
<constraint x="1" y="1" perimeter="0" name="SE"/>
</connections>
<foreground>
<path>
<move x="27.39" y="52.78"/>
<line x="54.03" y="52.78"/>
<line x="54.03" y="36.79"/>
<line x="27.39" y="36.79"/>
<line x="27.39" y="52.78"/>
<close/>
<move x="40.36" y="39.36"/>
<curve x1="43.23" y1="39.36" x2="45.55" y2="41.69" x3="45.55" y3="44.56"/>
<curve x1="45.55" y1="47.43" x2="43.23" y2="49.76" x3="40.36" y3="49.76"/>
<curve x1="37.48" y1="49.76" x2="35.15" y2="47.43" x3="35.15" y3="44.56"/>
<curve x1="35.15" y1="41.69" x2="37.48" y2="39.36" x3="40.36" y3="39.36"/>
<close/>
</path>
<fillstroke/>
<rect x="0" y="36.79" w="25.4" h="15.99"/>
<fillstroke/>
<path>
<move x="27.39" y="34.79"/>
<line x="54.03" y="34.79"/>
<line x="54.03" y="19.01"/>
<line x="27.39" y="19.01"/>
<line x="27.39" y="34.79"/>
<close/>
<move x="40.36" y="21.4"/>
<curve x1="43.23" y1="21.4" x2="45.55" y2="23.73" x3="45.55" y3="26.6"/>
<curve x1="45.55" y1="29.47" x2="43.23" y2="31.8" x3="40.36" y3="31.8"/>
<curve x1="37.48" y1="31.8" x2="35.15" y2="29.47" x3="35.15" y3="26.6"/>
<curve x1="35.15" y1="23.73" x2="37.48" y2="21.4" x3="40.36" y3="21.4"/>
<close/>
</path>
<fillstroke/>
<path>
<move x="27.39" y="0"/>
<line x="27.39" y="17.01"/>
<line x="54.03" y="17.01"/>
<line x="54.03" y="0"/>
<line x="27.39" y="0"/>
<close/>
<move x="40.36" y="13.84"/>
<curve x1="37.48" y1="13.84" x2="35.15" y2="11.51" x3="35.15" y3="8.64"/>
<curve x1="35.15" y1="5.77" x2="37.48" y2="3.44" x3="40.36" y3="3.44"/>
<curve x1="43.23" y1="3.44" x2="45.55" y2="5.77" x3="45.55" y3="8.64"/>
<curve x1="45.55" y1="11.51" x2="43.23" y2="13.84" x3="40.36" y3="13.84"/>
<close/>
</path>
<fillstroke/>
<rect x="0" y="19.01" w="25.4" h="15.78"/>
<fillstroke/>
<rect x="0" y="0" w="25.4" h="17.01"/>
<fillstroke/>

<fillcolor color="#FFFFFF"/>
<ellipse x="35.15" y="3.44" w="10.4" h="10.4"/>
<fillstroke/>
<ellipse x="35.15" y="21.4" w="10.4" h="10.4"/>
<fillstroke/>
<ellipse x="35.15" y="39.36" w="10.4" h="10.4"/>
<fillstroke/>
</foreground>
</shape>
<shape name="SimpleDB Domain" h="55.03" w="56.32" aspect="variable" strokewidth="inherit">
<connections>
<constraint x="0.5" y="0" perimeter="0" name="N"/>
<constraint x="0.5" y="1" perimeter="0" name="S"/>
<constraint x="0" y="0.5" perimeter="0" name="W"/>
<constraint x="1" y="0.5" perimeter="0" name="E"/>
<constraint x="0" y="0" perimeter="0" name="NW"/>
<constraint x="0" y="1" perimeter="0" name="SW"/>
<constraint x="1" y="0" perimeter="0" name="NE"/>
<constraint x="1" y="1" perimeter="0" name="SE"/>
</connections>
<foreground>
<rect x="10.18" y="11.41" w="46.14" h="9.02"/>
<fillstroke/>
<rect x="0" y="22.44" w="8.18" h="10.63"/>
<fillstroke/>
<rect x="0" y="35.06" w="8.18" h="9.02"/>
<fillstroke/>
<rect x="0" y="46.08" w="8.18" h="8.95"/>
<fillstroke/>
<rect x="10.18" y="22.44" w="46.14" h="10.63"/>
<fillstroke/>
<rect x="10.18" y="46.08" w="46.14" h="8.95"/>
<fillstroke/>
<rect x="0" y="0" w="8.18" h="9.41"/>
<fillstroke/>
<rect x="10.18" y="0" w="46.14" h="9.41"/>
<fillstroke/>
<rect x="10.18" y="35.06" w="46.14" h="9.02"/>
<fillstroke/>
<rect x="0" y="11.41" w="8.18" h="9.02"/>
<fillstroke/>
</foreground>
</shape>
<shape name="SimpleDB Item" h="54.78" w="56.07" aspect="variable" strokewidth="inherit">
<connections>
<constraint x="0.5" y="0" perimeter="0" name="N"/>
<constraint x="0.5" y="1" perimeter="0" name="S"/>
<constraint x="0" y="0.5" perimeter="0" name="W"/>
<constraint x="1" y="0.5" perimeter="0" name="E"/>
<constraint x="0" y="0" perimeter="0" name="NW"/>
<constraint x="0" y="1" perimeter="0" name="SW"/>
<constraint x="1" y="0" perimeter="0" name="NE"/>
<constraint x="1" y="1" perimeter="0" name="SE"/>
</connections>
<foreground>
<rect x="28.53" y="29.23" w="27.54" h="25.56"/>
<fillstroke/>
<rect x="28.53" y="0" w="27.54" h="27.23"/>
<fillstroke/>
<rect x="0" y="29.23" w="26.53" h="25.56"/>
<fillstroke/>
<path>
<move x="26.53" y="0"/>
<line x="0" y="0"/>
<line x="0" y="27.23"/>
<line x="26.53" y="27.23"/>
<line x="26.53" y="0"/>
<close/>
<move x="13.04" y="22.25"/>
<curve x1="7.88" y1="22.25" x2="3.7" y2="18.06" x3="3.7" y3="12.91"/>
<curve x1="3.7" y1="7.75" x2="7.88" y2="3.57" x3="13.04" y3="3.57"/>
<curve x1="18.2" y1="3.57" x2="22.38" y2="7.75" x3="22.38" y3="12.91"/>
<curve x1="22.38" y1="18.06" x2="18.2" y2="22.25" x3="13.04" y3="22.25"/>
<close/>
</path>
<fillstroke/>

<fillcolor color="#FFFFFF"/>
<ellipse x="3.7" y="3.57" w="18.68" h="18.68"/>
<fillstroke/>
</foreground>
</shape>
<shape name="SimpleDB Items" h="53.42" w="54.68" aspect="variable" strokewidth="inherit">
<connections>
<constraint x="0.5" y="0" perimeter="0" name="N"/>
<constraint x="0.5" y="1" perimeter="0" name="S"/>
<constraint x="0" y="0.5" perimeter="0" name="W"/>
<constraint x="1" y="0.5" perimeter="0" name="E"/>
<constraint x="0" y="0" perimeter="0" name="NW"/>
<constraint x="0" y="1" perimeter="0" name="SW"/>
<constraint x="1" y="0" perimeter="0" name="NE"/>
<constraint x="1" y="1" perimeter="0" name="SE"/>
</connections>
<foreground>
<rect x="28.97" y="37.23" w="25.71" h="16.2"/>
<fillstroke/>
<rect x="28.97" y="0" w="25.71" h="17.22"/>
<fillstroke/>
<path>
<move x="0" y="37.23"/>
<line x="0" y="53.42"/>
<line x="26.97" y="53.42"/>
<line x="26.97" y="37.23"/>
<line x="0" y="37.23"/>
<close/>
<move x="13.84" y="50.36"/>
<curve x1="10.93" y1="50.36" x2="8.57" y2="48.01" x3="8.57" y3="45.1"/>
<curve x1="8.57" y1="42.19" x2="10.93" y2="39.83" x3="13.84" y3="39.83"/>
<curve x1="16.74" y1="39.83" x2="19.1" y2="42.19" x3="19.1" y3="45.1"/>
<curve x1="19.1" y1="48.01" x2="16.74" y2="50.36" x3="13.84" y3="50.36"/>
<close/>
</path>
<fillstroke/>
<rect x="28.97" y="19.22" w="25.71" h="16"/>
<fillstroke/>
<path>
<move x="26.97" y="19.22"/>
<line x="0" y="19.22"/>
<line x="0" y="35.23"/>
<line x="26.97" y="35.23"/>
<line x="26.97" y="19.22"/>
<close/>
<move x="13.84" y="32.18"/>
<curve x1="10.93" y1="32.18" x2="8.57" y2="29.83" x3="8.57" y3="26.92"/>
<curve x1="8.57" y1="24.01" x2="10.93" y2="21.66" x3="13.84" y3="21.66"/>
<curve x1="16.74" y1="21.66" x2="19.1" y2="24.01" x3="19.1" y3="26.92"/>
<curve x1="19.1" y1="29.83" x2="16.74" y2="32.18" x3="13.84" y3="32.18"/>
<close/>
</path>
<fillstroke/>
<path>
<move x="26.97" y="0"/>
<line x="0" y="0"/>
<line x="0" y="17.22"/>
<line x="26.97" y="17.22"/>
<line x="26.97" y="0"/>
<close/>
<move x="13.84" y="14.01"/>
<curve x1="10.93" y1="14.01" x2="8.57" y2="11.65" x3="8.57" y3="8.74"/>
<curve x1="8.57" y1="5.84" x2="10.93" y2="3.48" x3="13.84" y3="3.48"/>
<curve x1="16.74" y1="3.48" x2="19.1" y2="5.83" x3="19.1" y3="8.74"/>
<curve x1="19.1" y1="11.65" x2="16.74" y2="14.01" x3="13.84" y3="14.01"/>
<close/>
</path>
<fillstroke/>

<fillcolor color="#FFFFFF"/>
<ellipse x="8.58" y="3.48" w="10.52" h="10.52"/>
<fillstroke/>
<ellipse x="8.58" y="21.66" w="10.52" h="10.52"/>
<fillstroke/>
<ellipse x="8.58" y="39.84" w="10.52" h="10.52"/>
<fillstroke/>
</foreground>
</shape>
</shapes>