<shapes name="mxGraph.aws.on_demand_workforce">
<shape name="Mechanical Turk" h="41.32" w="66.26" aspect="variable" strokewidth="inherit">
<connections>
<constraint x="0.37" y="0" perimeter="0" name="N"/>
<constraint x="0.5" y="1" perimeter="0" name="S"/>
<constraint x="0" y="0.7" perimeter="0" name="W"/>
<constraint x="1" y="0.7" perimeter="0" name="E"/>
<constraint x="0.16" y="0.21" perimeter="0" name="NW"/>
<constraint x="0.2" y="1" perimeter="0" name="SW"/>
<constraint x="0.77" y="0.25" perimeter="0" name="NE"/>
<constraint x="0.8" y="1" perimeter="0" name="SE"/>
</connections>
<background>
<path>
<move x="0" y="29.04"/>
<line x="0" y="30.15"/>
<curve x1="0" y1="35.7" x2="6" y2="41.32" x3="13.4" y3="41.32"/>
<line x="52.86" y="41.32"/>
<curve x1="60.26" y1="41.32" x2="66.26" y2="35.7" x3="66.26" y3="30.15"/>
<line x="66.26" y="29.04"/>
<curve x1="66.26" y1="23.87" x2="61.07" y2="17.39" x3="54.39" y3="16.82"/>
<curve x1="54.24" y1="12.21" x2="50.46" y2="8.51" x3="45.81" y3="8.51"/>
<curve x1="44.01" y1="8.51" x2="42.34" y2="9.07" x3="40.96" y3="10.02"/>
<curve x1="38.31" y1="4.12" x2="32.39" y2="0" x3="25.5" y3="0"/>
<curve x1="16.15" y1="0" x2="8.56" y2="7.58" x3="8.56" y3="16.94"/>
<curve x1="8.56" y1="17.1" x2="8.58" y2="17.26" x3="8.59" y3="17.43"/>
<curve x1="3.57" y1="18.88" x2="0" y2="24.76" x3="0" y3="29.04"/>
<close/>
<move x="21.21" y="22.8"/>
<line x="23.16" y="22.8"/>
<curve x1="23.42" y1="21.39" x2="23.96" y2="20.08" x3="24.73" y3="18.94"/>
<line x="23.43" y="17.64"/>
<line x="26.25" y="14.83"/>
<line x="27.54" y="16.12"/>
<curve x1="28.69" y1="15.35" x2="30" y2="14.81" x3="31.42" y3="14.56"/>
<line x="31.42" y="12.74"/>
<line x="35.4" y="12.74"/>
<line x="35.4" y="14.6"/>
<curve x1="36.67" y1="14.87" x2="37.86" y2="15.38" x3="38.92" y3="16.07"/>
<line x="40.16" y="14.83"/>
<line x="42.97" y="17.64"/>
<line x="41.76" y="18.85"/>
<curve x1="42.56" y1="20.02" x2="43.12" y2="21.36" x3="43.38" y3="22.8"/>
<line x="45.06" y="22.8"/>
<line x="45.06" y="26.77"/>
<line x="43.34" y="26.77"/>
<curve x1="43.07" y1="28.09" x2="42.54" y2="29.32" x3="41.82" y3="30.4"/>
<line x="43.11" y="31.69"/>
<line x="40.3" y="34.51"/>
<line x="39" y="33.21"/>
<curve x1="37.93" y1="33.94" x2="36.71" y2="34.46" x3="35.39" y3="34.73"/>
<line x="35.39" y="36.59"/>
<line x="31.42" y="36.59"/>
<line x="31.42" y="34.78"/>
<curve x1="29.97" y1="34.52" x2="28.63" y2="33.95" x3="27.46" y3="33.15"/>
<line x="26.1" y="34.51"/>
<line x="23.29" y="31.69"/>
<line x="24.68" y="30.31"/>
<curve x1="23.98" y1="29.25" x2="23.47" y2="28.06" x3="23.2" y3="26.77"/>
<line x="21.21" y="26.77"/>
<line x="21.21" y="22.8"/>
<close/>
</path>
</background>
<foreground>
<fillstroke/>
<ellipse x="27.68" y="19.21" w="10.9" h="10.9"/>
<fillstroke/>
</foreground>
</shape>
<shape name="Mechanical Turk Assignment Task" h="54" w="48" aspect="variable" strokewidth="inherit">
<connections>
<constraint x="0.5" y="0" perimeter="0" name="N"/>
<constraint x="0.5" y="1" perimeter="0" name="S"/>
<constraint x="0" y="0.5" perimeter="0" name="W"/>
<constraint x="1" y="0.5" perimeter="0" name="E"/>
<constraint x="0" y="0" perimeter="0" name="NW"/>
<constraint x="0" y="1" perimeter="0" name="SW"/>
<constraint x="1" y="0" perimeter="0" name="NE"/>
<constraint x="1" y="1" perimeter="0" name="SE"/>
</connections>
<background>
<path>
<move x="0" y="0"/>
<line x="0" y="54"/>
<line x="48" y="54"/>
<line x="48" y="0"/>
<line x="0" y="0"/>
<close/>
<move x="15" y="47"/>
<line x="6" y="47"/>
<line x="6" y="38"/>
<line x="15" y="38"/>
<line x="15" y="47"/>
<close/>
<move x="15" y="32"/>
<line x="6" y="32"/>
<line x="6" y="23"/>
<line x="15" y="23"/>
<line x="15" y="32"/>
<close/>
<move x="15" y="17"/>
<line x="6" y="17"/>
<line x="6" y="8"/>
<line x="15" y="8"/>
<line x="15" y="17"/>
<close/>
<move x="41" y="43"/>
<line x="19" y="43"/>
<line x="19" y="41"/>
<line x="41" y="41"/>
<line x="41" y="43"/>
<close/>
<move x="41" y="29"/>
<line x="19" y="29"/>
<line x="19" y="27"/>
<line x="41" y="27"/>
<line x="41" y="29"/>
<close/>
<move x="41" y="14"/>
<line x="19" y="14"/>
<line x="19" y="12"/>
<line x="41" y="12"/>
<line x="41" y="14"/>
<close/>
</path>
</background>
<foreground>
<fillstroke/>
</foreground>
</shape>
<shape name="Mechanical Turk HIT" h="60" w="60" aspect="variable" strokewidth="inherit">
<connections>
<constraint x="0.5" y="0" perimeter="0" name="N"/>
<constraint x="0.5" y="1" perimeter="0" name="S"/>
<constraint x="0" y="0.5" perimeter="0" name="W"/>
<constraint x="1" y="0.5" perimeter="0" name="E"/>
<constraint x="0.145" y="0.145" perimeter="0" name="NW"/>
<constraint x="0.145" y="0.855" perimeter="0" name="SW"/>
<constraint x="0.855" y="0.145" perimeter="0" name="NE"/>
<constraint x="0.855" y="0.855" perimeter="0" name="SE"/>
</connections>
<background>
<path>
<move x="60" y="35"/>
<line x="60" y="25"/>
<line x="54.99" y="25"/>
<curve x1="54.35" y1="22" x2="52.98" y2="18.35" x3="51.06" y3="15.48"/>
<line x="54.3" y="12.31"/>
<line x="47.25" y="5.3"/>
<line x="43.86" y="8.57"/>
<curve x1="40.98" y1="6.64" x2="38" y2="5.29" x3="34" y3="4.65"/>
<line x="34" y="0"/>
<line x="24" y="0"/>
<line x="24" y="4.77"/>
<curve x1="21" y1="5.44" x2="17.98" y2="6.71" x3="15.33" y3="8.45"/>
<line x="12.31" y="5.35"/>
<line x="5.3" y="12.39"/>
<line x="8.36" y="15.27"/>
<curve x1="6.36" y1="18.19" x2="4.96" y2="22" x3="4.3" y3="25"/>
<line x="0" y="25"/>
<line x="0" y="35"/>
<line x="4.41" y="35"/>
<curve x1="5.09" y1="39" x2="6.41" y2="41.52" x3="8.23" y3="44.22"/>
<line x="4.99" y="47.54"/>
<line x="12.04" y="54.62"/>
<line x="15.12" y="51.39"/>
<curve x1="17.82" y1="53.21" x2="21" y2="54.54" x3="24" y3="55.23"/>
<line x="24" y="60"/>
<line x="34" y="60"/>
<line x="34" y="55.36"/>
<curve x1="38" y1="54.69" x2="41.14" y2="53.28" x3="44.07" y3="51.27"/>
<line x="47.53" y="54.66"/>
<line x="54.62" y="47.61"/>
<line x="51.18" y="44.01"/>
<curve x1="52.92" y1="41.35" x2="54.21" y2="38" x3="54.88" y3="35"/>
<line x="60" y="35"/>
<close/>
<move x="29.65" y="48.58"/>
<curve x1="19.55" y1="48.58" x2="11.36" y2="40.39" x3="11.36" y3="30.3"/>
<curve x1="11.36" y1="20.2" x2="19.55" y2="12.01" x3="29.65" y3="12.01"/>
<curve x1="39.74" y1="12.01" x2="47.93" y2="20.2" x3="47.93" y3="30.3"/>
<curve x1="47.93" y1="40.4" x2="39.74" y2="48.58" x3="29.65" y3="48.58"/>
<close/>
</path>
</background>
<foreground>
<fillstroke/>
</foreground>
</shape>
<shape name="Mechanical Turk Requester" h="53.76" w="40.79" aspect="variable" strokewidth="inherit">
<connections>
<constraint x="0.5" y="0" perimeter="0" name="N"/>
<constraint x="0.5" y="1" perimeter="0" name="S"/>
<constraint x="0" y="0.5" perimeter="0" name="W"/>
<constraint x="1" y="0.5" perimeter="0" name="E"/>
<constraint x="0.015" y="0.015" perimeter="0" name="NW"/>
<constraint x="0.015" y="0.985" perimeter="0" name="SW"/>
<constraint x="0.985" y="0.015" perimeter="0" name="NE"/>
<constraint x="0.985" y="0.985" perimeter="0" name="SE"/>
</connections>
<background>
<path>
<move x="37.79" y="0"/>
<line x="3" y="0"/>
<curve x1="1.34" y1="0" x2="0" y2="1.34" x3="0" y3="3"/>
<line x="0" y="50.76"/>
<curve x1="0" y1="52.41" x2="1.34" y2="53.76" x3="3" y3="53.76"/>
<line x="37.78" y="53.76"/>
<curve x1="39.44" y1="53.76" x2="40.78" y2="52.41" x3="40.78" y3="50.76"/>
<line x="40.78" y="3"/>
<curve x1="40.79" y1="1.34" x2="39.44" y2="0" x3="37.79" y3="0"/>
<close/>
<move x="27.5" y="7.62"/>
<line x="35.74" y="7.62"/>
<line x="35.74" y="10.95"/>
<line x="27.5" y="10.95"/>
<line x="27.5" y="7.62"/>
<close/>
<move x="16.21" y="7.62"/>
<line x="24.45" y="7.62"/>
<line x="24.45" y="10.95"/>
<line x="16.21" y="10.95"/>
<line x="16.21" y="7.62"/>
<close/>
<move x="4.92" y="7.62"/>
<line x="13.16" y="7.62"/>
<line x="13.16" y="10.95"/>
<line x="4.92" y="10.95"/>
<line x="4.92" y="7.62"/>
<close/>
<move x="4.92" y="13.37"/>
<line x="13.16" y="13.37"/>
<line x="13.16" y="16.71"/>
<line x="4.92" y="16.71"/>
<line x="4.92" y="13.37"/>
<close/>
<move x="4.97" y="19.12"/>
<line x="13.21" y="19.12"/>
<line x="13.21" y="22.46"/>
<line x="4.97" y="22.46"/>
<line x="4.97" y="19.12"/>
<close/>
<move x="13.23" y="24.87"/>
<line x="13.23" y="28.21"/>
<line x="4.99" y="28.21"/>
<line x="4.99" y="24.87"/>
<line x="13.23" y="24.87"/>
<close/>
<move x="4.99" y="30.62"/>
<line x="13.23" y="30.62"/>
<line x="13.23" y="33.96"/>
<line x="4.99" y="33.96"/>
<line x="4.99" y="30.62"/>
<close/>
<move x="13.28" y="39.71"/>
<line x="5.04" y="39.71"/>
<line x="5.04" y="36.37"/>
<line x="13.28" y="36.37"/>
<line x="13.28" y="39.71"/>
<close/>
<move x="16.21" y="13.37"/>
<line x="24.45" y="13.37"/>
<line x="24.45" y="16.71"/>
<line x="16.21" y="16.71"/>
<line x="16.21" y="13.37"/>
<close/>
<move x="16.26" y="19.12"/>
<line x="24.5" y="19.12"/>
<line x="24.5" y="22.46"/>
<line x="16.26" y="22.46"/>
<line x="16.26" y="19.12"/>
<close/>
<move x="24.52" y="24.87"/>
<line x="24.52" y="28.21"/>
<line x="16.28" y="28.21"/>
<line x="16.28" y="24.87"/>
<line x="24.52" y="24.87"/>
<close/>
<move x="16.28" y="30.62"/>
<line x="24.52" y="30.62"/>
<line x="24.52" y="33.96"/>
<line x="16.28" y="33.96"/>
<line x="16.28" y="30.62"/>
<close/>
<move x="24.58" y="39.71"/>
<line x="16.33" y="39.71"/>
<line x="16.33" y="36.37"/>
<line x="24.57" y="36.37"/>
<line x="24.57" y="39.71"/>
<close/>
<move x="27.5" y="13.37"/>
<line x="35.74" y="13.37"/>
<line x="35.74" y="16.71"/>
<line x="27.5" y="16.71"/>
<line x="27.5" y="13.37"/>
<close/>
<move x="27.55" y="19.12"/>
<line x="35.8" y="19.12"/>
<line x="35.8" y="22.46"/>
<line x="27.55" y="22.46"/>
<line x="27.55" y="19.12"/>
<close/>
<move x="35.81" y="24.87"/>
<line x="35.81" y="28.21"/>
<line x="27.57" y="28.21"/>
<line x="27.57" y="24.87"/>
<line x="35.81" y="24.87"/>
<close/>
<move x="27.57" y="30.62"/>
<line x="35.81" y="30.62"/>
<line x="35.81" y="33.96"/>
<line x="27.57" y="33.96"/>
<line x="27.57" y="30.62"/>
<close/>
<move x="35.87" y="39.71"/>
<line x="27.62" y="39.71"/>
<line x="27.62" y="36.37"/>
<line x="35.87" y="36.37"/>
<line x="35.87" y="39.71"/>
<close/>
</path>
</background>
<foreground>
<fillstroke/>
</foreground>
</shape>
<shape name="Mechanical Turk Workers" h="57.24" w="65.47" aspect="variable" strokewidth="inherit">
<connections>
<constraint x="0.5" y="0.225" perimeter="0" name="N"/>
<constraint x="0.5" y="1" perimeter="0" name="S"/>
<constraint x="0" y="0.55" perimeter="0" name="W"/>
<constraint x="1" y="0.55" perimeter="0" name="E"/>
<constraint x="0.24" y="0" perimeter="0" name="NW"/>
<constraint x="0.76" y="0" perimeter="0" name="NE"/>
</connections>
<foreground>
<path>
<move x="49.59" y="18.27"/>
<curve x1="54.48" y1="18.27" x2="58.46" y2="14.17" x3="58.46" y3="9.13"/>
<curve x1="58.46" y1="4.1" x2="54.48" y2="0" x3="49.59" y3="0"/>
<curve x1="44.7" y1="0" x2="40.73" y2="4.1" x3="40.73" y3="9.13"/>
<curve x1="40.73" y1="14.17" x2="44.7" y2="18.27" x3="49.59" y3="18.27"/>
<close/>
</path>
<fillstroke/>
<path>
<move x="55.2" y="23.09"/>
<line x="43.97" y="23.09"/>
<curve x1="43.8" y1="23.09" x2="43.65" y2="23.1" x3="43.49" y3="23.11"/>
<curve x1="43.03" y1="28.43" x2="38.89" y2="32.67" x3="33.7" y3="33.14"/>
<line x="33.7" y="34.15"/>
<line x="38.35" y="34.15"/>
<curve x1="45.12" y1="34.15" x2="49.96" y2="38.25" x3="50.5" y3="44.25"/>
<line x="58.7" y="44.25"/>
<line x="58.7" y="36.22"/>
<line x="60.15" y="36.22"/>
<line x="60.15" y="44.25"/>
<line x="65.47" y="44.25"/>
<line x="65.47" y="32.39"/>
<curve x1="65.47" y1="26.91" x2="61.25" y2="23.09" x3="55.2" y3="23.09"/>
<close/>
</path>
<fillstroke/>
<path>
<move x="15.88" y="0"/>
<curve x1="11" y1="0" x2="7.03" y2="4.1" x3="7.03" y3="9.13"/>
<curve x1="7.03" y1="14.17" x2="11" y2="18.28" x3="15.88" y3="18.28"/>
<curve x1="20.78" y1="18.28" x2="24.75" y2="14.17" x3="24.75" y3="9.13"/>
<curve x1="24.75" y1="4.1" x2="20.78" y2="0" x3="15.88" y3="0"/>
<close/>
</path>
<fillstroke/>
<path>
<move x="14.97" y="44.25"/>
<curve x1="15.51" y1="38.25" x2="20.35" y2="34.15" x3="27.12" y3="34.15"/>
<line x="31.77" y="34.15"/>
<line x="31.77" y="33.14"/>
<curve x1="26.59" y1="32.67" x2="22.46" y2="28.43" x3="22" y3="23.11"/>
<curve x1="21.83" y1="23.11" x2="21.67" y2="23.09" x3="21.5" y3="23.09"/>
<line x="10.27" y="23.09"/>
<curve x1="4.22" y1="23.09" x2="0" y2="26.91" x3="0" y3="32.39"/>
<line x="0" y="44.25"/>
<line x="5.58" y="44.25"/>
<line x="5.58" y="36.22"/>
<line x="7.03" y="36.22"/>
<line x="7.03" y="44.25"/>
<line x="14.97" y="44.25"/>
<close/>
</path>
<fillstroke/>
<path>
<move x="32.73" y="31.26"/>
<curve x1="37.63" y1="31.26" x2="41.6" y2="27.16" x3="41.6" y3="22.12"/>
<curve x1="41.6" y1="17.09" x2="37.63" y2="12.99" x3="32.73" y3="12.99"/>
<curve x1="27.85" y1="12.99" x2="23.88" y2="17.09" x3="23.88" y3="22.12"/>
<curve x1="23.88" y1="27.16" x2="27.85" y2="31.26" x3="32.73" y3="31.26"/>
<close/>
</path>
<fillstroke/>
<path>
<move x="38.35" y="36.08"/>
<line x="27.12" y="36.08"/>
<curve x1="21.07" y1="36.08" x2="16.85" y2="39.9" x3="16.85" y3="45.38"/>
<line x="16.85" y="57.24"/>
<line x="22.43" y="57.24"/>
<line x="22.43" y="49.21"/>
<line x="23.88" y="49.21"/>
<line x="23.88" y="57.24"/>
<line x="41.85" y="57.24"/>
<line x="41.85" y="49.21"/>
<line x="43.29" y="49.21"/>
<line x="43.29" y="57.24"/>
<line x="48.62" y="57.24"/>
<line x="48.62" y="45.38"/>
<curve x1="48.62" y1="39.9" x2="44.4" y2="36.08" x3="38.35" y3="36.08"/>
<close/>
</path>
<fillstroke/>
</foreground>
</shape>
</shapes>