<?xml version="1.0" encoding="UTF-8" ?>
<!DOCTYPE configuration PUBLIC "-//mybatis.org//DTD Config 3.0//EN" "http://mybatis.org/dtd/mybatis-3-config.dtd ">
<configuration>
	<settings>
		<setting name="cacheEnabled" value="true" />
		<setting name="useGeneratedKeys" value="true" />
		<setting name="defaultExecutorType" value="REUSE" />
		<setting name="autoMappingBehavior" value="PARTIAL" />
		<setting name="jdbcTypeForNull" value="NULL" />
		<setting name="mapUnderscoreToCamelCase" value="true" />
		<setting name="lazyLoadingEnabled" value="true"/>
	</settings>
 
	<typeAliases>
		<typeAlias alias="list" type="java.util.List" />
		<typeAlias alias="map" type="java.util.Map" />
  		<typeAlias alias="string" type="java.lang.String" />
		<typeAlias alias="int" type="java.lang.Integer" />
	</typeAliases>
</configuration>
