<configuration>
    <appender name="STDOUT" class="ch.qos.logback.core.ConsoleAppender">
        <encoder>
            <pattern>%d{yyyyMMdd HH:mm:ss.SSS} [%thread] %-3level %logger{5} - %msg %n</pattern>
        </encoder>
    </appender>
    <appender name="JSONOUT" class="ch.qos.logback.core.ConsoleAppender">
        <layout class="ch.qos.logback.contrib.json.classic.JsonLayout">
            <jsonFormatter class="ch.qos.logback.contrib.jackson.JacksonJsonFormatter"/>
            <timestampFormat>yyyy-MM-dd HH:mm:ss.SSS</timestampFormat>
            <appendLineSeparator>true</appendLineSeparator>
            <includeContextName>false</includeContextName>
        </layout>
    </appender>

    <logger name="jdbc" level="OFF"/>

    <logger name="jdbc.sqlonly" level="OFF"/>
    <logger name="jdbc.sqltiming" level="OFF"/>
    <logger name="jdbc.audit" level="OFF"/>
    <logger name="jdbc.resultset" level="OFF"/>
    <logger name="jdbc.resultsettable" level="OFF"/>
    <logger name="jdbc.connection" level="OFF"/>

    <logger name="com.zaxxer.hikari.pool.PoolBase" level="OFF"/>
    <logger name="com.zaxxer.hikari.pool.HikariPool" level="OFF"/>
    <logger name="org.apache.tomcat.util.compat.Jre22Compat" level="OFF"/>
    <logger name="org.apache.catalina.util.LifecycleBase" level="OFF"/>
    <logger name="org.apache.coyote.http11.Http11NioProtocol" level="OFF"/>
    <logger name="org.springframework.jdbc.core.JdbcTemplate" level="OFF"/>
    <logger name="org.springframework.jdbc.datasource.DataSourceTransactionManager" level="OFF"/>
    <logger name="org.springframework.context.support.DefaultLifecycleProcessor" level="OFF"/>
    <logger name="org.springframework.boot.availability.ApplicationAvailabilityBean" level="OFF"/>
    <logger name="org.springframework.boot.web.servlet.context.AnnotationConfigServletWebServerApplicationContext" level="OFF"/>
    <logger name="org.springframework.beans.factory.support.DisposableBeanAdapter" level="OFF"/>
    <logger name="org.postgresql.jdbc.DataSourceTransactionManager" level="OFF"/>
    <logger name="org.postgresql.jdbc.PgConnection" level="OFF"/>

    <springProfile name="default,local">
        <root level="DEBUG">
            <appender-ref ref="STDOUT"/>
        </root>
    </springProfile>

    <springProfile name="dev,stg,prd,dr">
        <root level="INFO">
            <appender-ref ref="JSONOUT" />
        </root>
    </springProfile>

</configuration>