<?xml version="1.0" encoding="UTF-8"?>
<UbiServer version="4.0.0000.0000">
	<Environment licensePath="C:/workspace/ksms-be/module-ksmsbe/UbiService/license"
		admin="YWRtcEBzc3dkIQ=="
		adminImgUri="./api/v1/ubi4/js/images"
		xslPath=""
		osCharset="KSC5601" />
	<LogInfo logPath="{APP_ROOT}/api/v1/ubi4/logs"
		timeZone="GMT+9"
		rowSize="5"
		backupStyle="date"
		backupSize="30"
		serverBackupSize="180"		
		backupPattern="yyyy-MM-dd"
		useLog="true"
		useDebug="true"
		info="true" />
	<Resources>
		<DataSource id="KSMS_DB"
			type="direct" 
			vendor="PostgreSql"
			driverClassName="net.sf.log4jdbc.sql.jdbcapi.DriverSpy"
			url="jdbc:log4jdbc:postgresql://ksms-maius.koreanair.com:5432/postgres"
			charset="KSC5601"
			username="postgres"
			password="eogksgkdrhd1!" />
	</Resources>
	<UbiServiceInfo urftype="normal" connectionTime="1800000" exectype="service">
		<UbiService ip="localhost" port="16996" path=""/>
	</UbiServiceInfo>
	<!--
	<UbiServiceInfo urftype="normal" connectionTime="1800000" exectype="was" myServiceid="Service1" >
		<UbiService id="Service1" url="http://IP:PORT/myapp/UbiServer"/>
		<UbiService id="Service2" url="http://IP:PORT/myapp/UbiServer"/>
	</UbiServiceInfo>
	-->
</UbiServer>
