<?xml version="1.0" encoding="UTF-8"?>
<!DOCTYPE mapper PUBLIC "-//mybatis.org//DTD Mapper 3.0//EN" "http://mybatis.org/dtd/mybatis-3-mapper.dtd">
<mapper namespace="SystemMain">
    <select id="selectLeftMenu" parameterType="map" resultType="map">
        with recursive menu_tree(menu_id, upper_menu_id, name_kor, name_eng, menu_url, tree_type, sort_order, level, path, sort)
        as (
            select a.menu_id, a.upper_menu_id, a.name_kor, a.name_eng, a.menu_url, a.tree_type, a.sort_order, 0 as level, array[trim(a.menu_id)], '0' as sort
            from tb_sys_menu a
            where a.upper_menu_id = '0'
            and a.use_yn = 'Y'
            union all
            select a.menu_id, a.upper_menu_id, a.name_kor, a.name_eng, a.menu_url, a.tree_type, a.sort_order, t.level + 1 as level, t.path||trim(a.sort_order||a.menu_id), t.sort||trim(a.sort_order||a.menu_id) as sort
            from tb_sys_menu a
            join menu_tree t on a.upper_menu_id = t.menu_id
            where a.use_yn = 'Y'
            and a.upper_menu_id != '0'
            and a.work_scope = #{workScope}
        )
        select    t1.menu_id as "menuId"
                , t1.upper_menu_id as "upperMenuId"
                , t1.name_kor as "nameKor"
                , t1.name_eng as "nameEng"
                , t1.menu_url as "menuUrl"
                , t1.tree_type as "treeType"
                , t1.sort_order as "sortOrder"
                , t1.level
                , t1.sort
                , #{workScope} as "workScope"
                , t2.name_chn as "nameChn"
                , t2.name_jpn as "nameJpn"
                , t2.name_etc as "nameEtc"
                , t2.sort_order as "sortOrder"
                , t2.use_yn as "useYn"
                , t2.remark as "remark"
        from menu_tree t1
        inner join (
            with auth_menu as (
                with group_data as (
                    -- 사용자의 부서가 가지고 있는 권한 그룹
                    WITH RECURSIVE find_dept(dept_id, dept_cd, name_kor, upper_dept_cd, DEPTH)
                    as (
                        select dept_id, dept_cd, name_kor, upper_dept_cd, 1
                        from  tb_sys_dept
                        where 1=1
                        and   dept_cd = (select dept_cd from tb_sys_user where user_id = #{userId})
                        union
                        select d.dept_id, d.dept_cd, d.name_kor, d.upper_dept_cd, fd.DEPTH+1
                        from find_dept fd
                        INNER JOIN tb_sys_dept d on fd.upper_dept_cd = d.dept_cd
                    )
                    select distinct t2.group_id
                    from find_dept t1
                    inner join tb_sys_group_dept t2 on t1.dept_id = t2.dept_id
                    union
                    --사용자가 가지고 있는 권한그룹
                    select group_id from tb_sys_group_user where user_id = #{userId}
                )
                select m.menu_id, m.work_scope, m.name_kor, m.name_eng, m.name_chn, m.name_jpn, m.name_etc, m.tree_type, m.upper_menu_id, m.sort_order, m.menu_url, m.use_yn, m.remark
                from group_data gd
                inner join tb_sys_group_menu gm on gd.group_id = gm.group_id
                inner join tb_sys_menu m on m.menu_id = gm.menu_id
                group by m.menu_id, m.work_scope, m.name_kor, m.name_eng, m.name_chn, m.name_jpn, m.name_etc, m.tree_type, m.upper_menu_id, m.sort_order, m.menu_url, m.use_yn, m.remark
            )
            select * from auth_menu
        ) t2 on t1.menu_id = t2.menu_id
        order by path
    </select>

    <select id="selectCodeGroupList" parameterType="string" resultType="com.koreanair.ksms.system.dto.TbSysCodeGroupDto">
        select *
        from tb_sys_code_group
        where use_yn = 'Y'
        order by code_grp_id
    </select>

    <select id="selectCodeList" parameterType="string" resultType="com.koreanair.ksms.system.dto.TbSysCodeDto">
        select *
        from tb_sys_code
        where code_grp_id = #{codeGrpId}
        and use_yn = 'Y'
        order by sort_order
    </select>

    <select id="selectCodeListAll" parameterType="string" resultType="com.koreanair.ksms.system.dto.TbSysCodeDto">
        select
             a.code_grp_id
            ,a.code_id
            ,a.code_name_kor
            ,a.code_name_eng
            ,a.code_field1
            ,a.code_field2
            ,a.code_field3
            ,a.code_field4
            ,a.code_field5
            ,a.code_en_field1
            ,a.code_en_field2
            ,a.code_en_field3
            ,a.code_en_field4
            ,a.code_en_field5
            ,a.code_co_field1
            ,a.code_co_field2
            ,a.code_co_field3
            ,a.code_co_field4
            ,a.code_co_field5
            ,a.sort_order
            ,a.remark
            ,b.code_grp_name_kor
            ,b.code_grp_name_eng
        from tb_sys_code a
        inner join tb_sys_code_group b on a.code_grp_id = b.code_grp_id
        where a.use_yn = 'Y'
        and b.use_yn = 'Y'
        order by b.code_grp_id, a.sort_order
    </select>

    <select id="selectDeptList" parameterType="string" resultType="com.koreanair.ksms.system.dto.TbSysDeptDto">
        select *
        from tb_sys_dept
        order by dept_cd
    </select>

    <select id="selectUserList" parameterType="map" resultType="com.koreanair.ksms.system.dto.TbSysUserDto">
        select a.*
        , c.code_name_kor as "rank_nm_kor"
        , c.code_name_eng as "rank_nm_eng"
        , d.name_kor as "dept_nm_kor"
        , d.name_eng as "dept_nm_eng"
        from tb_sys_user a
        left outer join tb_sys_code c on c.code_grp_id = 'RANK_CD' and c.code_id = a.rank_cd
        left outer join tb_sys_dept d on d.dept_cd = a.dept_cd
        where 1=1
        <if test = "searchWord != null and searchWord != ''">
            and (
            a.name_kor like '%'||#{searchWord}||'%' or
            a.name_eng like '%'||#{searchWord}||'%'
            )
        </if>
        <if test = "deptCd != null and deptCd != ''">
            and a.dept_cd = #{deptCd}
        </if>
        order by a.name_kor
    </select>

    <select id="selectMessagesKor" parameterType="string" resultType="com.koreanair.ksms.system.dto.TbSysMessageDto">
        select msg_key, msg_kor
        from tb_sys_message
    </select>

    <select id="selectMessagesEng" parameterType="string" resultType="com.koreanair.ksms.system.dto.TbSysMessageDto">
        select msg_key, msg_eng
        from tb_sys_message
    </select>

    <select id="selectUserProfile" parameterType="string" resultType="com.koreanair.ksms.system.dto.TbSysUserDto">
        select *
        from tb_sys_user
        where user_id = #{userId}
    </select>

    <select id="selectUserGroups" parameterType="string" resultType="com.koreanair.ksms.system.dto.TbSysVirtualGroupDto">
        select
            a.group_id
            ,b.group_cd
            ,b.group_usage
            ,b.name_kor
            ,b.name_eng
            ,b.remark
            ,a.group_admin_yn
        from tb_sys_group_user a
             inner join tb_sys_group b on a.group_id = b.group_id
        where a.user_id = #{userId}
        and b.use_yn = 'Y'
    </select>

    <select id="selectDeptIdDetail" parameterType="int" resultType="com.koreanair.ksms.system.dto.TbSysDeptDto">
        select *
        from tb_sys_dept
        where dept_id = #{deptId}
    </select>

    <select id="selectDeptCdDetail" parameterType="string" resultType="com.koreanair.ksms.system.dto.TbSysDeptDto">
        select *
        from tb_sys_dept
        where dept_cd = #{deptCd}
    </select>
</mapper>
