<?xml version="1.0" encoding="UTF-8" ?>
<configuration scan="true" scanPeriod="60 seconds">
    <conversionRule conversionWord="clr" converterClass="org.springframework.boot.logging.logback.ColorConverter" />

    <springProfile name="local">
    	<!-- 로그 생성할 폴더 지정 -->
        <property name="LOG_PATH" value="out/log"/>
        <property name="LOG_LEVEL_ROOT" value="INFO"/>
    </springProfile>
    <springProfile name="dev">
        <property name="LOG_PATH" value="/log/ksmsadmin/backend"/>
        <property name="LOG_LEVEL_ROOT" value="INFO"/>
    </springProfile>
    <springProfile name="stg">
        <property name="LOG_PATH" value="/log/ksmsadmin/backend"/>
        <property name="LOG_LEVEL_ROOT" value="INFO"/>
    </springProfile>
    <springProfile name="prd">
        <property name="LOG_PATH" value="/log/ksmsadmin/backend"/>
        <property name="LOG_LEVEL_ROOT" value="INFO"/>
    </springProfile>

    <!-- log.gz 로 하면 자동압축 -->
    <property name="LOG_FILE_EXT" value="log"/>
    <property name="LOG_FILE_NAME" value="koreanair-ksmsadmin-backend"/>
    <property name="ERR_LOG_FILE_NAME" value="koreanair-ksmsadmin-backend-error"/>
    <property name="CONSOLE_LOG_PATTERN" value="[%d{yyyy-MM-dd HH:mm:ss}:%-3relative]  %clr(%-5level) %clr(${PID:-}){magenta} %clr(---){faint} %clr([%15.15thread]){faint} %clr(%-40.40logger{36}){cyan} %clr(:){faint} %msg%n"/>
    <property name="FILE_LOG_PATTERN" value="[%d{yyyy-MM-dd HH:mm:ss}:%-3relative] %-5level ${PID:-} --- [%15.15thread] %-40.40logger{36} : %msg%n"/>

    <!-- Console Appender -->
    <appender name="CONSOLE" class="ch.qos.logback.core.ConsoleAppender">
        <encoder class="ch.qos.logback.classic.encoder.PatternLayoutEncoder">
            <pattern>${CONSOLE_LOG_PATTERN}</pattern>
        </encoder>
    </appender>

    <!-- 파일 로깅 Appender (우선 local, dev만 ) -->
    <springProfile name="local,dev">
	    <appender name="FILE" class="ch.qos.logback.core.rolling.RollingFileAppender">
	        <file>${LOG_PATH}/${LOG_FILE_NAME}.log</file>

	        <encoder class="ch.qos.logback.classic.encoder.PatternLayoutEncoder">
	            <pattern>${FILE_LOG_PATTERN}</pattern>
	        </encoder>

	        <rollingPolicy class="ch.qos.logback.core.rolling.TimeBasedRollingPolicy">
	            <fileNamePattern>${LOG_PATH}/backup/${LOG_FILE_NAME}.%d{yyyy-MM-dd}.%i.${LOG_FILE_EXT}</fileNamePattern>
	            <timeBasedFileNamingAndTriggeringPolicy class="ch.qos.logback.core.rolling.SizeAndTimeBasedFNATP">
	                <maxFileSize>200MB</maxFileSize>
	            </timeBasedFileNamingAndTriggeringPolicy>
	            <maxHistory>30</maxHistory>
	        </rollingPolicy>
	    </appender>


	    <!-- 에러의 경우 파일에 로그 처리 -->
	    <appender name="ERROR" class="ch.qos.logback.core.rolling.RollingFileAppender">
	        <filter class="ch.qos.logback.classic.filter.LevelFilter">
	            <level>error</level>
	            <onMatch>ACCEPT</onMatch>
	            <onMismatch>DENY</onMismatch>
	        </filter>
	        <file>${LOG_PATH}/${ERR_LOG_FILE_NAME}.log</file>
	        <encoder class="ch.qos.logback.classic.encoder.PatternLayoutEncoder">
	            <pattern>${FILE_LOG_PATTERN}</pattern>
	        </encoder>

	        <rollingPolicy class="ch.qos.logback.core.rolling.TimeBasedRollingPolicy">
	            <fileNamePattern>${LOG_PATH}/backup/${ERR_LOG_FILE_NAME}.%d{yyyy-MM-dd}.%i.${LOG_FILE_EXT}</fileNamePattern>
	            <timeBasedFileNamingAndTriggeringPolicy class="ch.qos.logback.core.rolling.SizeAndTimeBasedFNATP">
	                <maxFileSize>200MB</maxFileSize>
	            </timeBasedFileNamingAndTriggeringPolicy>
	            <maxHistory>30</maxHistory>
	        </rollingPolicy>
	    </appender>
	</springProfile>

    <root level="${LOG_LEVEL_ROOT}">
        <appender-ref ref="CONSOLE"/>
        <appender-ref ref="FILE"/>
        <appender-ref ref="ERROR"/>
    </root>

	<springProfile name="local">
        <logger name="sql" level="OFF"/>
        <logger name="web" level="INFO"/>
        <logger name="jdbc" level="OFF"/>
        <logger name="jdbc.sqltiming" level="INFO"/>
        <logger name="org.mybatis" level="WARN"/>
        <logger name="com.zaxxer.hikari" level="WARN"/>
		<logger name="com.koreanair.ksms" level="DEBUG"/>
		<logger name="org.postgresql.Driver" level="OFF"/>
        <logger name="org.postgresql.jdbc.PgConnection" level="OFF"/>
        <logger name="org.postgresql.core.v3.ConnectionFactoryImpl" level="OFF"/>
    </springProfile>

    <springProfile name="dev">
        <logger name="sql" level="OFF"/>
        <logger name="web" level="OFF"/>
        <logger name="jdbc" level="OFF"/>
        <logger name="jdbc.sqltiming" level="OFF"/>
        <logger name="org.mybatis" level="WARN"/>
        <logger name="com.zaxxer.hikari" level="WARN"/>
		<logger name="com.koreanair.ksms" level="DEBUG"/>
    </springProfile>

    <springProfile name="stg">
        <logger name="sql" level="OFF"/>
        <logger name="web" level="OFF"/>
        <logger name="jdbc" level="OFF"/>
        <logger name="jdbc.sqltiming" level="OFF"/>
        <logger name="org.mybatis" level="OFF"/>
        <logger name="com.zaxxer.hikari" level="OFF"/>
		<logger name="com.koreanair.ksms" level="INFO"/>
    </springProfile>

    <springProfile name="prd">
        <logger name="sql" level="OFF"/>
        <logger name="web" level="OFF"/>
        <logger name="jdbc" level="OFF"/>
        <logger name="jdbc.sqltiming" level="OFF"/>
        <logger name="org.mybatis" level="OFF"/>
        <logger name="com.zaxxer.hikari" level="OFF"/>
		<logger name="com.koreanair.ksms" level="INFO"/>
    </springProfile>

</configuration>
