{
    "SITE_ID": 1,
    "list": [
        {
            "MENU_ID": 113,
            "BIZGRP_ID": -1,
            "NAME_KOR": "안전보고서",
            "NAME_ENG": "Safety Report",
            "NAME_CHN": "Safety Report",
            "NAME_JPN": "Safety Report",
            "NAME_ETC": "Safety Report",
            "LVL": 1,
            "NODE_TYPE": "F",
            "PRNT_ID": -1,
            "SORT_SQ": 1,
            "URL": "{}",
            "REG_USER_ID": 1,
            "REG_DTTM": 1719905266087,
            "UPD_USER_ID": 1,
            "UPD_DTTM": 1719905266087,
            "DEL_YN": "N",
            "APP_ID": -1,
            "REF_ID": -1,
            "REF_TYPE": "M",
            "SITE_ID": 1,
            "ALL_SEC_YN": "Y"
        },
        {
            "MENU_ID": 112,
            "BIZGRP_ID": -1,
            "NAME_KOR": "안전위험도관리",
            "NAME_ENG": "Safety Risk Mgmt.",
            "NAME_CHN": "Safety Risk Mgmt.",
            "NAME_JPN": "Safety Risk Mgmt.",
            "NAME_ETC": "Safety Risk Mgmt.",
            "LVL": 1,
            "NODE_TYPE": "F",
            "PRNT_ID": -1,
            "SORT_SQ": 10,
            "URL": "{}",
            "REG_USER_ID": 1,
            "REG_DTTM": 1658122559827,
            "UPD_USER_ID": 1,
            "UPD_DTTM": 1658122559827,
            "DEL_YN": "N",
            "APP_ID": -1,
            "REF_ID": -1,
            "REF_TYPE": "M",
            "SITE_ID": 1,
            "ALL_SEC_YN": "Y"
        },
        {
            "MENU_ID": 47,
            "BIZGRP_ID": -1,
            "NAME_KOR": "안전데이터",
            "NAME_ENG": "Safety Data",
            "NAME_CHN": "Safety Data",
            "NAME_JPN": "Safety Data",
            "NAME_ETC": "Safety Data",
            "LVL": 1,
            "NODE_TYPE": "F",
            "PRNT_ID": -1,
            "SORT_SQ": 16,
            "URL": "{}",
            "REG_USER_ID": 1,
            "REG_DTTM": 1720066659241,
            "UPD_USER_ID": 1,
            "UPD_DTTM": 1720066659241,
            "DEL_YN": "N",
            "APP_ID": -1,
            "REF_ID": -1,
            "REF_TYPE": "M",
            "SITE_ID": 1,
            "ALL_SEC_YN": "Y"
        },
        {
            "MENU_ID": 89,
            "BIZGRP_ID": -1,
            "NAME_KOR": "안전보증",
            "NAME_ENG": "Safety Assurance",
            "NAME_CHN": "Safety Assurance",
            "NAME_JPN": "Safety Assurance",
            "NAME_ETC": "Safety Assurance",
            "LVL": 1,
            "NODE_TYPE": "A",
            "PRNT_ID": -1,
            "SORT_SQ": 21,
            "URL": "{}",
            "REG_USER_ID": 1,
            "REG_DTTM": 1661747608853,
            "UPD_USER_ID": 1,
            "UPD_DTTM": 1661747608853,
            "DEL_YN": "N",
            "APP_ID": 48,
            "REF_ID": -1,
            "REF_TYPE": "M",
            "SITE_ID": 1,
            "ALL_SEC_YN": "Y"
        },
        {
            "MENU_ID": 90,
            "BIZGRP_ID": -1,
            "NAME_KOR": "Hazard Report Board",
            "NAME_ENG": "Hazard Report Board",
            "NAME_CHN": "Safety Report",
            "NAME_JPN": "Hazard Report Board",
            "NAME_ETC": "Hazard Report Board",
            "LVL": 1,
            "NODE_TYPE": "F",
            "PRNT_ID": -1,
            "SORT_SQ": 22,
            "URL": "{}",
            "REG_USER_ID": 1,
            "REG_DTTM": 1657084509158,
            "UPD_USER_ID": 1,
            "UPD_DTTM": 1657084509158,
            "DEL_YN": "N",
            "APP_ID": -1,
            "REF_ID": -1,
            "REF_TYPE": "M",
            "SITE_ID": 1,
            "ALL_SEC_YN": "Y"
        },
        {
            "MENU_ID": 48,
            "BIZGRP_ID": -1,
            "NAME_KOR": "System Mgmt.",
            "NAME_ENG": "System Mgmt.",
            "NAME_CHN": "System Mgmt.",
            "NAME_JPN": "System Mgmt.",
            "NAME_ETC": "System Mgmt.",
            "LVL": 1,
            "NODE_TYPE": "F",
            "PRNT_ID": -1,
            "SORT_SQ": 26,
            "URL": "{}",
            "REG_USER_ID": 1,
            "REG_DTTM": 1658131969038,
            "UPD_USER_ID": 1,
            "UPD_DTTM": 1658131969038,
            "DEL_YN": "N",
            "APP_ID": -1,
            "REF_ID": -1,
            "REF_TYPE": "M",
            "SITE_ID": 1,
            "ALL_SEC_YN": "Y"
        },
        {
            "MENU_ID": 1,
            "BIZGRP_ID": -1,
            "NAME_KOR": "Audit",
            "NAME_ENG": "Audit",
            "NAME_CHN": "Audit",
            "NAME_JPN": "Audit",
            "NAME_ETC": " Audit",
            "LVL": 1,
            "NODE_TYPE": "F",
            "PRNT_ID": -1,
            "SORT_SQ": 28,
            "URL": "{}",
            "REG_USER_ID": 1,
            "REG_DTTM": 1661311741943,
            "UPD_USER_ID": 1,
            "UPD_DTTM": 1661311741943,
            "DEL_YN": "N",
            "APP_ID": -1,
            "REF_ID": -1,
            "REF_TYPE": "M",
            "SITE_ID": 1,
            "ALL_SEC_YN": "Y"
        },
        {
            "MENU_ID": 102,
            "BIZGRP_ID": -1,
            "NAME_KOR": "비상대응 ",
            "NAME_ENG": "Emergency Response Plan",
            "NAME_CHN": "Emergency Response Plan",
            "NAME_JPN": "Emergency Response Plan",
            "NAME_ETC": " Emergency Response Plan",
            "LVL": 1,
            "NODE_TYPE": "A",
            "PRNT_ID": -1,
            "SORT_SQ": 34,
            "URL": "{}",
            "REG_USER_ID": 1,
            "REG_DTTM": 1663808912895,
            "UPD_USER_ID": 1,
            "UPD_DTTM": 1663808912895,
            "DEL_YN": "N",
            "APP_ID": 55,
            "REF_ID": -1,
            "REF_TYPE": "M",
            "SITE_ID": 1,
            "ALL_SEC_YN": "Y"
        },
        {
            "MENU_ID": 95,
            "BIZGRP_ID": -1,
            "NAME_KOR": "SPI/SPT",
            "NAME_ENG": "SPI/SPT",
            "NAME_CHN": "SPI/SPT",
            "NAME_JPN": "SPI/SPT",
            "NAME_ETC": "SPI/SPT",
            "LVL": 1,
            "NODE_TYPE": "F",
            "PRNT_ID": -1,
            "SORT_SQ": 35,
            "URL": "{}",
            "REG_USER_ID": 1,
            "REG_DTTM": 1663718223525,
            "UPD_USER_ID": 1,
            "UPD_DTTM": 1663718223525,
            "DEL_YN": "N",
            "APP_ID": -1,
            "REF_ID": -1,
            "REF_TYPE": "M",
            "SITE_ID": 1,
            "ALL_SEC_YN": "Y"
        },
        {
            "MENU_ID": 72,
            "BIZGRP_ID": -1,
            "NAME_KOR": "안전 조사",
            "NAME_ENG": "Investigation",
            "NAME_CHN": "Investigation",
            "NAME_JPN": "Investigation",
            "NAME_ETC": "Investigation",
            "LVL": 1,
            "NODE_TYPE": "F",
            "PRNT_ID": -1,
            "SORT_SQ": 43,
            "URL": "{}",
            "REG_USER_ID": 1,
            "REG_DTTM": 1684139334882,
            "UPD_USER_ID": 1,
            "UPD_DTTM": 1684139334882,
            "DEL_YN": "N",
            "APP_ID": -1,
            "REF_ID": -1,
            "REF_TYPE": "M",
            "SITE_ID": 1,
            "ALL_SEC_YN": "Y"
        },
        {
            "MENU_ID": 71,
            "BIZGRP_ID": -1,
            "NAME_KOR": "변화 관리",
            "NAME_ENG": "Change Management",
            "NAME_CHN": "Change Management",
            "NAME_JPN": "Change Management",
            "NAME_ETC": "Change Management",
            "LVL": 1,
            "NODE_TYPE": "A",
            "PRNT_ID": -1,
            "SORT_SQ": 46,
            "URL": "{}",
            "REG_USER_ID": 1,
            "REG_DTTM": 1666147112453,
            "UPD_USER_ID": 1,
            "UPD_DTTM": 1666147112453,
            "DEL_YN": "N",
            "APP_ID": 34,
            "REF_ID": -1,
            "REF_TYPE": "M",
            "SITE_ID": 1,
            "ALL_SEC_YN": "Y"
        },
        {
            "MENU_ID": 154,
            "BIZGRP_ID": -1,
            "NAME_KOR": "AOC/AMO 안전보증",
            "NAME_ENG": "Safety Assurance (AOC/AMO)",
            "NAME_CHN": "Safety Assurance (AOC/AMO)",
            "NAME_JPN": "Safety Assurance (AOC/AMO)",
            "NAME_ETC": "Safety Assurance (AOC/AMO)",
            "LVL": 1,
            "NODE_TYPE": "A",
            "PRNT_ID": -1,
            "SORT_SQ": 47,
            "URL": "{}",
            "REG_USER_ID": 1,
            "REG_DTTM": 1693380448336,
            "UPD_USER_ID": 1,
            "UPD_DTTM": 1693380448336,
            "DEL_YN": "N",
            "APP_ID": 61,
            "REF_ID": -1,
            "REF_TYPE": "M",
            "SITE_ID": 1,
            "ALL_SEC_YN": "Y"
        },
        {
            "MENU_ID": 53,
            "BIZGRP_ID": -1,
            "NAME_KOR": "Air Safety Report",
            "NAME_ENG": "Air Safety Report",
            "NAME_CHN": "Air Safety Report",
            "NAME_JPN": "Air Safety Report",
            "NAME_ETC": "Air Safety Report",
            "LVL": 2,
            "NODE_TYPE": "A",
            "PRNT_ID": 113,
            "SORT_SQ": 2,
            "URL": "{}",
            "REG_USER_ID": 1,
            "REG_DTTM": 1693358203523,
            "UPD_USER_ID": 1,
            "UPD_DTTM": 1693358203523,
            "DEL_YN": "N",
            "APP_ID": 18,
            "REF_ID": -1,
            "REF_TYPE": "M",
            "SITE_ID": 1,
            "ALL_SEC_YN": "Y"
        },
        {
            "MENU_ID": 54,
            "BIZGRP_ID": -1,
            "NAME_KOR": "객실안전보고서",
            "NAME_ENG": "Cabin Safety Report",
            "NAME_CHN": "Cabin Safety Report",
            "NAME_JPN": "Cabin Safety Report",
            "NAME_ETC": "Cabin Safety Report",
            "LVL": 2,
            "NODE_TYPE": "A",
            "PRNT_ID": 113,
            "SORT_SQ": 3,
            "URL": "{}",
            "REG_USER_ID": 1,
            "REG_DTTM": 1710137226532,
            "UPD_USER_ID": 1,
            "UPD_DTTM": 1710137226532,
            "DEL_YN": "N",
            "APP_ID": 19,
            "REF_ID": -1,
            "REF_TYPE": "M",
            "SITE_ID": 1,
            "ALL_SEC_YN": "Y"
        },
        {
            "MENU_ID": 55,
            "BIZGRP_ID": -1,
            "NAME_KOR": "정비안전보고서",
            "NAME_ENG": "Maintenance Safety Report",
            "NAME_CHN": "Maintenance Safety Report",
            "NAME_JPN": "Maintenance Safety Report",
            "NAME_ETC": "Maintenance Safety Report",
            "LVL": 2,
            "NODE_TYPE": "A",
            "PRNT_ID": 113,
            "SORT_SQ": 4,
            "URL": "{}",
            "REG_USER_ID": 1,
            "REG_DTTM": 1686806009380,
            "UPD_USER_ID": 1,
            "UPD_DTTM": 1686806009380,
            "DEL_YN": "N",
            "APP_ID": 20,
            "REF_ID": -1,
            "REF_TYPE": "M",
            "SITE_ID": 1,
            "ALL_SEC_YN": "Y"
        },
        {
            "MENU_ID": 56,
            "BIZGRP_ID": -1,
            "NAME_KOR": "지상안전보고서",
            "NAME_ENG": "Ground Safety Report",
            "NAME_CHN": "Ground Safety Report",
            "NAME_JPN": "Ground Safety Report",
            "NAME_ETC": "Ground Safety Report",
            "LVL": 2,
            "NODE_TYPE": "A",
            "PRNT_ID": 113,
            "SORT_SQ": 5,
            "URL": "{}",
            "REG_USER_ID": 1,
            "REG_DTTM": 1658221793333,
            "UPD_USER_ID": 1,
            "UPD_DTTM": 1658221793333,
            "DEL_YN": "N",
            "APP_ID": 21,
            "REF_ID": -1,
            "REF_TYPE": "M",
            "SITE_ID": 1,
            "ALL_SEC_YN": "Y"
        },
        {
            "MENU_ID": 57,
            "BIZGRP_ID": -1,
            "NAME_KOR": "Hazard Report",
            "NAME_ENG": "Hazard Report",
            "NAME_CHN": "Hazard Report",
            "NAME_JPN": "Hazard Report",
            "NAME_ETC": "Hazard Report",
            "LVL": 2,
            "NODE_TYPE": "A",
            "PRNT_ID": 113,
            "SORT_SQ": 6,
            "URL": "{}",
            "REG_USER_ID": 1,
            "REG_DTTM": 1655767255764,
            "UPD_USER_ID": 1,
            "UPD_DTTM": 1655767255764,
            "DEL_YN": "N",
            "APP_ID": 22,
            "REF_ID": -1,
            "REF_TYPE": "M",
            "SITE_ID": 1,
            "ALL_SEC_YN": "Y"
        },
        {
            "MENU_ID": 58,
            "BIZGRP_ID": -1,
            "NAME_KOR": "운항관리사안전보고서",
            "NAME_ENG": "Dispatcher Safety Report",
            "NAME_CHN": "Dispatcher Safety Report",
            "NAME_JPN": "Dispatcher Safety Report",
            "NAME_ETC": "Dispatcher Safety Report",
            "LVL": 2,
            "NODE_TYPE": "A",
            "PRNT_ID": 113,
            "SORT_SQ": 7,
            "URL": "{}",
            "REG_USER_ID": 1,
            "REG_DTTM": 1658221808763,
            "UPD_USER_ID": 1,
            "UPD_DTTM": 1658221808763,
            "DEL_YN": "N",
            "APP_ID": 23,
            "REF_ID": -1,
            "REF_TYPE": "M",
            "SITE_ID": 1,
            "ALL_SEC_YN": "Y"
        },
        {
            "MENU_ID": 59,
            "BIZGRP_ID": -1,
            "NAME_KOR": "램프안전보고서",
            "NAME_ENG": "Ramp Safety Report",
            "NAME_CHN": "Ramp Safety Report",
            "NAME_JPN": "Ramp Safety Report",
            "NAME_ETC": "Ramp Safety Report",
            "LVL": 2,
            "NODE_TYPE": "A",
            "PRNT_ID": 113,
            "SORT_SQ": 8,
            "URL": "{}",
            "REG_USER_ID": 1,
            "REG_DTTM": 1658221824888,
            "UPD_USER_ID": 1,
            "UPD_DTTM": 1658221824888,
            "DEL_YN": "N",
            "APP_ID": 24,
            "REF_ID": -1,
            "REF_TYPE": "M",
            "SITE_ID": 1,
            "ALL_SEC_YN": "Y"
        },
        {
            "MENU_ID": 60,
            "BIZGRP_ID": -1,
            "NAME_KOR": "FOQA",
            "NAME_ENG": "FOQA",
            "NAME_CHN": "FOQA",
            "NAME_JPN": "FOQA",
            "NAME_ETC": "FOQA",
            "LVL": 2,
            "NODE_TYPE": "A",
            "PRNT_ID": 113,
            "SORT_SQ": 9,
            "URL": "{}",
            "REG_USER_ID": 1,
            "REG_DTTM": 1646974997736,
            "UPD_USER_ID": 1,
            "UPD_DTTM": 1646974997736,
            "DEL_YN": "N",
            "APP_ID": 25,
            "REF_ID": -1,
            "REF_TYPE": "M",
            "SITE_ID": 1,
            "ALL_SEC_YN": "Y"
        },
        {
            "MENU_ID": 62,
            "BIZGRP_ID": -1,
            "NAME_KOR": "보고접수",
            "NAME_ENG": "Reception",
            "NAME_CHN": "Reception",
            "NAME_JPN": "Reception",
            "NAME_ETC": "Reception",
            "LVL": 2,
            "NODE_TYPE": "A",
            "PRNT_ID": 112,
            "SORT_SQ": 11,
            "URL": "{}",
            "REG_USER_ID": 1,
            "REG_DTTM": 1659427553719,
            "UPD_USER_ID": 1,
            "UPD_DTTM": 1659427553719,
            "DEL_YN": "N",
            "APP_ID": 26,
            "REF_ID": -1,
            "REF_TYPE": "M",
            "SITE_ID": 1,
            "ALL_SEC_YN": "Y"
        },
        {
            "MENU_ID": 65,
            "BIZGRP_ID": -1,
            "NAME_KOR": "위험도평가",
            "NAME_ENG": "Risk Assessment",
            "NAME_CHN": "Risk Assessment",
            "NAME_JPN": "Risk Assessment",
            "NAME_ETC": "Risk Assessment",
            "LVL": 2,
            "NODE_TYPE": "A",
            "PRNT_ID": 112,
            "SORT_SQ": 12,
            "URL": "{}",
            "REG_USER_ID": 1,
            "REG_DTTM": 1659427561906,
            "UPD_USER_ID": 1,
            "UPD_DTTM": 1659427561906,
            "DEL_YN": "N",
            "APP_ID": 28,
            "REF_ID": -1,
            "REF_TYPE": "M",
            "SITE_ID": 1,
            "ALL_SEC_YN": "Y"
        },
        {
            "MENU_ID": 67,
            "BIZGRP_ID": -1,
            "NAME_KOR": "SRC 리뷰",
            "NAME_ENG": "SRC Review",
            "NAME_CHN": "SRC Review",
            "NAME_JPN": "SRC Review",
            "NAME_ETC": "SRC Review",
            "LVL": 2,
            "NODE_TYPE": "A",
            "PRNT_ID": 112,
            "SORT_SQ": 13,
            "URL": "{}",
            "REG_USER_ID": 1,
            "REG_DTTM": 1716969344519,
            "UPD_USER_ID": 1,
            "UPD_DTTM": 1716969344519,
            "DEL_YN": "N",
            "APP_ID": 30,
            "REF_ID": -1,
            "REF_TYPE": "M",
            "SITE_ID": 1,
            "ALL_SEC_YN": "Y"
        },
        {
            "MENU_ID": 68,
            "BIZGRP_ID": -1,
            "NAME_KOR": "경감조치",
            "NAME_ENG": "Mitigation",
            "NAME_CHN": "Mitigation",
            "NAME_JPN": "Mitigation",
            "NAME_ETC": "Mitigation",
            "LVL": 2,
            "NODE_TYPE": "A",
            "PRNT_ID": 112,
            "SORT_SQ": 14,
            "URL": "{}",
            "REG_USER_ID": 1,
            "REG_DTTM": 1700810309665,
            "UPD_USER_ID": 1,
            "UPD_DTTM": 1700810309665,
            "DEL_YN": "N",
            "APP_ID": 31,
            "REF_ID": -1,
            "REF_TYPE": "M",
            "SITE_ID": 1,
            "ALL_SEC_YN": "Y"
        },
        {
            "MENU_ID": 69,
            "BIZGRP_ID": -1,
            "NAME_KOR": "위해요인 결재",
            "NAME_ENG": "Final Approval",
            "NAME_CHN": "Final Approval",
            "NAME_JPN": "Final Approval",
            "NAME_ETC": "Final Approval",
            "LVL": 2,
            "NODE_TYPE": "A",
            "PRNT_ID": 112,
            "SORT_SQ": 15,
            "URL": "{}",
            "REG_USER_ID": 1,
            "REG_DTTM": 1659427586031,
            "UPD_USER_ID": 1,
            "UPD_DTTM": 1659427586031,
            "DEL_YN": "N",
            "APP_ID": 32,
            "REF_ID": -1,
            "REF_TYPE": "M",
            "SITE_ID": 1,
            "ALL_SEC_YN": "Y"
        },
        {
            "MENU_ID": 52,
            "BIZGRP_ID": -1,
            "NAME_KOR": "View List",
            "NAME_ENG": "View List",
            "NAME_CHN": "View List",
            "NAME_JPN": "View List",
            "NAME_ETC": "View List",
            "LVL": 2,
            "NODE_TYPE": "A",
            "PRNT_ID": 47,
            "SORT_SQ": 17,
            "URL": "{}",
            "REG_USER_ID": 1,
            "REG_DTTM": 1657605940830,
            "UPD_USER_ID": 1,
            "UPD_DTTM": 1657605940830,
            "DEL_YN": "N",
            "APP_ID": 14,
            "REF_ID": -1,
            "REF_TYPE": "M",
            "SITE_ID": 1,
            "ALL_SEC_YN": "Y"
        },
        {
            "MENU_ID": 70,
            "BIZGRP_ID": -1,
            "NAME_KOR": "위험도 대장",
            "NAME_ENG": "Risk Register",
            "NAME_CHN": "Risk Register",
            "NAME_JPN": "Risk Register",
            "NAME_ETC": " Risk Register",
            "LVL": 2,
            "NODE_TYPE": "A",
            "PRNT_ID": 47,
            "SORT_SQ": 18,
            "URL": "{}",
            "REG_USER_ID": 1,
            "REG_DTTM": 1659427604624,
            "UPD_USER_ID": 1,
            "UPD_DTTM": 1659427604624,
            "DEL_YN": "N",
            "APP_ID": 33,
            "REF_ID": -1,
            "REF_TYPE": "M",
            "SITE_ID": 1,
            "ALL_SEC_YN": "Y"
        },
        {
            "MENU_ID": 151,
            "BIZGRP_ID": -1,
            "NAME_KOR": "경감조치 History",
            "NAME_ENG": "Hazard History",
            "NAME_CHN": "Hazard History",
            "NAME_JPN": "Hazard History",
            "NAME_ETC": "Hazard History",
            "LVL": 2,
            "NODE_TYPE": "A",
            "PRNT_ID": 47,
            "SORT_SQ": 19,
            "URL": "{}",
            "REG_USER_ID": 1,
            "REG_DTTM": 1700810208127,
            "UPD_USER_ID": 1,
            "UPD_DTTM": 1700810208127,
            "DEL_YN": "N",
            "APP_ID": 58,
            "REF_ID": -1,
            "REF_TYPE": "M",
            "SITE_ID": 1,
            "ALL_SEC_YN": "Y"
        },
        {
            "MENU_ID": 83,
            "BIZGRP_ID": -1,
            "NAME_KOR": "대시보드",
            "NAME_ENG": "Dashboard",
            "NAME_CHN": "Dashboard",
            "NAME_JPN": "Dashboard",
            "NAME_ETC": "Dashboard",
            "LVL": 2,
            "NODE_TYPE": "A",
            "PRNT_ID": 47,
            "SORT_SQ": 20,
            "URL": "{}",
            "REG_USER_ID": 1,
            "REG_DTTM": 1659427613052,
            "UPD_USER_ID": 1,
            "UPD_DTTM": 1659427613052,
            "DEL_YN": "N",
            "APP_ID": 43,
            "REF_ID": -1,
            "REF_TYPE": "M",
            "SITE_ID": 1,
            "ALL_SEC_YN": "Y"
        },
        {
            "MENU_ID": 92,
            "BIZGRP_ID": -1,
            "NAME_KOR": "View List",
            "NAME_ENG": "View List",
            "NAME_CHN": "View List",
            "NAME_JPN": "View List",
            "NAME_ETC": " View List",
            "LVL": 2,
            "NODE_TYPE": "A",
            "PRNT_ID": 90,
            "SORT_SQ": 23,
            "URL": "{}",
            "REG_USER_ID": 1,
            "REG_DTTM": 1657785639554,
            "UPD_USER_ID": 1,
            "UPD_DTTM": 1657785639554,
            "DEL_YN": "N",
            "APP_ID": 47,
            "REF_ID": -1,
            "REF_TYPE": "M",
            "SITE_ID": 1,
            "ALL_SEC_YN": "Y"
        },
        {
            "MENU_ID": 93,
            "BIZGRP_ID": -1,
            "NAME_KOR": "게시판",
            "NAME_ENG": "Public Board",
            "NAME_CHN": "Public Board",
            "NAME_JPN": "Public Board",
            "NAME_ETC": " Public Board",
            "LVL": 2,
            "NODE_TYPE": "A",
            "PRNT_ID": 90,
            "SORT_SQ": 24,
            "URL": "{}",
            "REG_USER_ID": 1,
            "REG_DTTM": 1663298187098,
            "UPD_USER_ID": 1,
            "UPD_DTTM": 1663298187098,
            "DEL_YN": "N",
            "APP_ID": 56,
            "REF_ID": -1,
            "REF_TYPE": "M",
            "SITE_ID": 1,
            "ALL_SEC_YN": "Y"
        },
        {
            "MENU_ID": 91,
            "BIZGRP_ID": -1,
            "NAME_KOR": "대시보드",
            "NAME_ENG": "Dashboard",
            "NAME_CHN": "Dashboard",
            "NAME_JPN": "Dashboard",
            "NAME_ETC": " Dashboard",
            "LVL": 2,
            "NODE_TYPE": "A",
            "PRNT_ID": 90,
            "SORT_SQ": 25,
            "URL": "{}",
            "REG_USER_ID": 1,
            "REG_DTTM": 1659427625784,
            "UPD_USER_ID": 1,
            "UPD_DTTM": 1659427625784,
            "DEL_YN": "N",
            "APP_ID": 45,
            "REF_ID": -1,
            "REF_TYPE": "M",
            "SITE_ID": 1,
            "ALL_SEC_YN": "Y"
        },
        {
            "MENU_ID": 82,
            "BIZGRP_ID": -1,
            "NAME_KOR": "위해요인 목록",
            "NAME_ENG": "Hazard Taxonomy",
            "NAME_CHN": "Hazard Taxonomy",
            "NAME_JPN": "Hazard Taxonomy",
            "NAME_ETC": "Hazard Taxonomy",
            "LVL": 2,
            "NODE_TYPE": "A",
            "PRNT_ID": 48,
            "SORT_SQ": 27,
            "URL": "{}",
            "REG_USER_ID": 1,
            "REG_DTTM": 1663225160520,
            "UPD_USER_ID": 1,
            "UPD_DTTM": 1663225160520,
            "DEL_YN": "N",
            "APP_ID": 42,
            "REF_ID": -1,
            "REF_TYPE": "M",
            "SITE_ID": 1,
            "ALL_SEC_YN": "Y"
        },
        {
            "MENU_ID": 2,
            "BIZGRP_ID": -1,
            "NAME_KOR": "My Audit",
            "NAME_ENG": "My Audit",
            "NAME_CHN": "My Audit",
            "NAME_JPN": "My Audit",
            "NAME_ETC": "My Audit",
            "LVL": 2,
            "NODE_TYPE": "A",
            "PRNT_ID": 1,
            "SORT_SQ": 29,
            "URL": "{}",
            "REG_USER_ID": 1,
            "REG_DTTM": 1661311722816,
            "UPD_USER_ID": 1,
            "UPD_DTTM": 1661311722816,
            "DEL_YN": "N",
            "APP_ID": 37,
            "REF_ID": -1,
            "REF_TYPE": "M",
            "SITE_ID": 1,
            "ALL_SEC_YN": "Y"
        },
        {
            "MENU_ID": 77,
            "BIZGRP_ID": -1,
            "NAME_KOR": "Checklist",
            "NAME_ENG": "Checklist",
            "NAME_CHN": "Checklist",
            "NAME_JPN": "Checklist",
            "NAME_ETC": "Checklist",
            "LVL": 2,
            "NODE_TYPE": "A",
            "PRNT_ID": 1,
            "SORT_SQ": 30,
            "URL": "{}",
            "REG_USER_ID": 1,
            "REG_DTTM": 1661311768172,
            "UPD_USER_ID": 1,
            "UPD_DTTM": 1661311768172,
            "DEL_YN": "N",
            "APP_ID": 39,
            "REF_ID": -1,
            "REF_TYPE": "M",
            "SITE_ID": 1,
            "ALL_SEC_YN": "Y"
        },
        {
            "MENU_ID": 81,
            "BIZGRP_ID": -1,
            "NAME_KOR": "분석 View",
            "NAME_ENG": "Analysis View",
            "NAME_CHN": "Analysis View",
            "NAME_JPN": "Analysis View",
            "NAME_ETC": "Analysis View",
            "LVL": 2,
            "NODE_TYPE": "A",
            "PRNT_ID": 1,
            "SORT_SQ": 31,
            "URL": "{}",
            "REG_USER_ID": 1,
            "REG_DTTM": 1661311784665,
            "UPD_USER_ID": 1,
            "UPD_DTTM": 1661311784665,
            "DEL_YN": "N",
            "APP_ID": 41,
            "REF_ID": -1,
            "REF_TYPE": "M",
            "SITE_ID": 1,
            "ALL_SEC_YN": "Y"
        },
        {
            "MENU_ID": 80,
            "BIZGRP_ID": -1,
            "NAME_KOR": "View List",
            "NAME_ENG": "View List",
            "NAME_CHN": "View List",
            "NAME_JPN": "View List",
            "NAME_ETC": "View List",
            "LVL": 2,
            "NODE_TYPE": "A",
            "PRNT_ID": 1,
            "SORT_SQ": 32,
            "URL": "{}",
            "REG_USER_ID": 1,
            "REG_DTTM": 1661311802625,
            "UPD_USER_ID": 1,
            "UPD_DTTM": 1661311802625,
            "DEL_YN": "N",
            "APP_ID": 40,
            "REF_ID": -1,
            "REF_TYPE": "M",
            "SITE_ID": 1,
            "ALL_SEC_YN": "Y"
        },
        {
            "MENU_ID": 111,
            "BIZGRP_ID": -1,
            "NAME_KOR": "조치사항",
            "NAME_ENG": "Action Taken",
            "NAME_CHN": "Action Taken",
            "NAME_JPN": "Action Taken",
            "NAME_ETC": "Action Taken",
            "LVL": 2,
            "NODE_TYPE": "A",
            "PRNT_ID": 1,
            "SORT_SQ": 33,
            "URL": "{}",
            "REG_USER_ID": 1,
            "REG_DTTM": 1676266025770,
            "UPD_USER_ID": 1,
            "UPD_DTTM": 1676266025770,
            "DEL_YN": "N",
            "APP_ID": 46,
            "REF_ID": -1,
            "REF_TYPE": "M",
            "SITE_ID": 1,
            "ALL_SEC_YN": "Y"
        },
        {
            "MENU_ID": 96,
            "BIZGRP_ID": -1,
            "NAME_KOR": "안전정책",
            "NAME_ENG": "Safety Policy",
            "NAME_CHN": "Safety Policy",
            "NAME_JPN": "Safety Policy",
            "NAME_ETC": "Safety Policy",
            "LVL": 2,
            "NODE_TYPE": "A",
            "PRNT_ID": 95,
            "SORT_SQ": 36,
            "URL": "{}",
            "REG_USER_ID": 1,
            "REG_DTTM": 1698298424843,
            "UPD_USER_ID": 1,
            "UPD_DTTM": 1698298424843,
            "DEL_YN": "N",
            "APP_ID": 50,
            "REF_ID": -1,
            "REF_TYPE": "M",
            "SITE_ID": 1,
            "ALL_SEC_YN": "Y"
        },
        {
            "MENU_ID": 153,
            "BIZGRP_ID": -1,
            "NAME_KOR": "AMO 안전정책",
            "NAME_ENG": "AMO Safety Policy",
            "NAME_CHN": "AMO Safety Policy",
            "NAME_JPN": "AMO Safety Policy",
            "NAME_ETC": "AMO Safety Policy",
            "LVL": 2,
            "NODE_TYPE": "A",
            "PRNT_ID": 95,
            "SORT_SQ": 37,
            "URL": "{}",
            "REG_USER_ID": 1,
            "REG_DTTM": 1698298449167,
            "UPD_USER_ID": 1,
            "UPD_DTTM": 1698298449167,
            "DEL_YN": "N",
            "APP_ID": 59,
            "REF_ID": -1,
            "REF_TYPE": "M",
            "SITE_ID": 1,
            "ALL_SEC_YN": "Y"
        },
        {
            "MENU_ID": 97,
            "BIZGRP_ID": -1,
            "NAME_KOR": "운영현황",
            "NAME_ENG": "Operation Status",
            "NAME_CHN": "Operation Status",
            "NAME_JPN": "Operation Status",
            "NAME_ETC": "Operation Status",
            "LVL": 2,
            "NODE_TYPE": "A",
            "PRNT_ID": 95,
            "SORT_SQ": 38,
            "URL": "{}",
            "REG_USER_ID": 1,
            "REG_DTTM": 1698298458621,
            "UPD_USER_ID": 1,
            "UPD_DTTM": 1698298458621,
            "DEL_YN": "N",
            "APP_ID": 52,
            "REF_ID": -1,
            "REF_TYPE": "M",
            "SITE_ID": 1,
            "ALL_SEC_YN": "Y"
        },
        {
            "MENU_ID": 98,
            "BIZGRP_ID": -1,
            "NAME_KOR": "SPI 현황",
            "NAME_ENG": "SPI Status",
            "NAME_CHN": "SPI Status",
            "NAME_JPN": "SPI Status",
            "NAME_ETC": "SPI Status",
            "LVL": 2,
            "NODE_TYPE": "A",
            "PRNT_ID": 95,
            "SORT_SQ": 39,
            "URL": "{}",
            "REG_USER_ID": 1,
            "REG_DTTM": 1698298470779,
            "UPD_USER_ID": 1,
            "UPD_DTTM": 1698298470779,
            "DEL_YN": "N",
            "APP_ID": 53,
            "REF_ID": -1,
            "REF_TYPE": "M",
            "SITE_ID": 1,
            "ALL_SEC_YN": "Y"
        },
        {
            "MENU_ID": 99,
            "BIZGRP_ID": -1,
            "NAME_KOR": "게시판",
            "NAME_ENG": "Bulletin",
            "NAME_CHN": "Bulletin",
            "NAME_JPN": "Bulletin",
            "NAME_ETC": "Bulletin",
            "LVL": 2,
            "NODE_TYPE": "A",
            "PRNT_ID": 95,
            "SORT_SQ": 40,
            "URL": "{}",
            "REG_USER_ID": 1,
            "REG_DTTM": 1698298577161,
            "UPD_USER_ID": 1,
            "UPD_DTTM": 1698298577161,
            "DEL_YN": "N",
            "APP_ID": 57,
            "REF_ID": -1,
            "REF_TYPE": "M",
            "SITE_ID": 1,
            "ALL_SEC_YN": "Y"
        },
        {
            "MENU_ID": 100,
            "BIZGRP_ID": -1,
            "NAME_KOR": "View List",
            "NAME_ENG": "View List",
            "NAME_CHN": "View List",
            "NAME_JPN": "View List",
            "NAME_ETC": "View List",
            "LVL": 2,
            "NODE_TYPE": "A",
            "PRNT_ID": 95,
            "SORT_SQ": 41,
            "URL": "{}",
            "REG_USER_ID": 1,
            "REG_DTTM": 1662449258304,
            "UPD_USER_ID": 1,
            "UPD_DTTM": 1662449258304,
            "DEL_YN": "N",
            "APP_ID": 54,
            "REF_ID": -1,
            "REF_TYPE": "M",
            "SITE_ID": 1,
            "ALL_SEC_YN": "Y"
        },
        {
            "MENU_ID": 101,
            "BIZGRP_ID": -1,
            "NAME_KOR": "설정",
            "NAME_ENG": "Setting",
            "NAME_CHN": "Setting",
            "NAME_JPN": "Setting",
            "NAME_ETC": "Setting",
            "LVL": 2,
            "NODE_TYPE": "A",
            "PRNT_ID": 95,
            "SORT_SQ": 42,
            "URL": "{}",
            "REG_USER_ID": 1,
            "REG_DTTM": 1662449272261,
            "UPD_USER_ID": 1,
            "UPD_DTTM": 1662449272261,
            "DEL_YN": "N",
            "APP_ID": 51,
            "REF_ID": -1,
            "REF_TYPE": "M",
            "SITE_ID": 1,
            "ALL_SEC_YN": "Y"
        },
        {
            "MENU_ID": 76,
            "BIZGRP_ID": -1,
            "NAME_KOR": "조사보고서",
            "NAME_ENG": "Investigation Report",
            "NAME_CHN": "Investigation Report",
            "NAME_JPN": "Investigation Report",
            "NAME_ETC": "Investigation Report",
            "LVL": 2,
            "NODE_TYPE": "A",
            "PRNT_ID": 72,
            "SORT_SQ": 44,
            "URL": "{}",
            "REG_USER_ID": 1,
            "REG_DTTM": 1661768620690,
            "UPD_USER_ID": 1,
            "UPD_DTTM": 1661768620690,
            "DEL_YN": "N",
            "APP_ID": 38,
            "REF_ID": -1,
            "REF_TYPE": "M",
            "SITE_ID": 1,
            "ALL_SEC_YN": "Y"
        },
        {
            "MENU_ID": 84,
            "BIZGRP_ID": -1,
            "NAME_KOR": "View List",
            "NAME_ENG": "View List",
            "NAME_CHN": "View List",
            "NAME_JPN": "View List",
            "NAME_ETC": " View List",
            "LVL": 2,
            "NODE_TYPE": "A",
            "PRNT_ID": 72,
            "SORT_SQ": 45,
            "URL": "{}",
            "REG_USER_ID": 1,
            "REG_DTTM": 1661768635074,
            "UPD_USER_ID": 1,
            "UPD_DTTM": 1661768635074,
            "DEL_YN": "N",
            "APP_ID": 44,
            "REF_ID": -1,
            "REF_TYPE": "M",
            "SITE_ID": 1,
            "ALL_SEC_YN": "Y"
        }
    ]
}